"First Name","Last Name"
"Kevin","Mason"
"Frederick","Hunt"
"Penelope","Clark"
"Chelsea","Mitchell"
"Alberta","Harris"
"Dominik","Miller"
"Dainton","Morris"
"Amanda","Howard"
"Tess","Morris"
"Victoria","Watson"
"William","Thomas"
"Camila","Alexander"
"Maximilian","Williams"
"Carina","Bennett"
"Mike","Carroll"
"Andrew","Riley"
"Daryl","Barrett"
"Heather","Craig"
"Lilianna","Johnson"
"Andrew","Campbell"
"Aida","Martin"
"Florrie","Wilson"
"Frederick","Rogers"
"Byron","Taylor"
"Thomas","Ferguson"
"Edgar","Grant"
"Emma","Miller"
"Vanessa","Miller"
"Lucy","Edwards"
"Eric","Warren"
"Lucy","Holmes"
"Alfred","Richardson"
"Eric","Barrett"
"Alina","Gray"
"Mary","Phillips"
"Steven","Craig"
"Henry","Morris"
"Edwin","Campbell"
"Kelvin","Hamilton"
"Abraham","Taylor"
"Brad","Parker"
"Kirsten","Payne"
"Robert","Richards"
"Vanessa","Howard"
"Isabella","Warren"
"Alfred","Phillips"
"Alen","Gibson"
"Grace","Ellis"
"Jessica","Thomas"
"Julia","Myers"
"William","Alexander"
"Anna","Higgins"
"Miller","Murray"
"Aiden","Grant"
"Rubie","Owens"
"Alina","Wright"
"Lucas","Cunningham"
"Alissa","Mitchell"
"Henry","Perry"
"Chelsea","Cunningham"
"Carlos","Scott"
"Aldus","Armstrong"
"Naomi","Mitchell"
"Blake","Brooks"
"Valeria","Taylor"
"Martin","Robinson"
"Freddie","Morris"
"Adele","Taylor"
"Fiona","Edwards"
"Ted","Casey"
"Cadie","Brooks"
"Valeria","Gibson"
"James","Johnson"
"Eleanor","Chapman"
"Rebecca","Morgan"
"Fenton","Rogers"
"Reid","Barrett"
"Savana","Kelly"
"Steven","Harper"
"Alford","Perkins"
"Adrianna","Brown"
"John","Holmes"
"Tony","Bennett"
"Lucas","Armstrong"
"Alexia","Richardson"
"Eric","Mason"
"Frederick","Martin"
"Melanie","Holmes"
"Alan","Montgomery"
"Lucy","Roberts"
"Arthur","Ross"
"Abraham","Thomas"
"Garry","Sullivan"
"George","Hawkins"
"George","Martin"
"Sarah","Crawford"
"Dale","Farrell"
"Justin","Alexander"
"Eddy","Johnson"
"Sydney","Anderson"
"Evelyn","Warren"
"Jessica","Andrews"
"Rebecca","Douglas"
"Sarah","Hawkins"
"Edgar","Hawkins"
"Alexander","Montgomery"
"Naomi","Rogers"
"Blake","Ellis"
"Kristian","Craig"
"Antony","Howard"
"Byron","Grant"
"Alissa","Carroll"
"Frederick","Tucker"
"Edith","Richardson"
"Steven","Wilson"
"Fiona","Stevens"
"Daniel","Russell"
"Edith","Clark"
"Naomi","Foster"
"Chester","Perkins"
"Alisa","Montgomery"
"Roland","Thompson"
"Ada","Thompson"
"Frederick","Moore"
"Kristian","Owens"
"Tony","Wright"
"Spike","Allen"
"Maximilian","Harris"
"Valeria","Owens"
"Caroline","Richards"
"Nicole","Cole"
"Abraham","Thompson"
"Camila","Chapman"
"Miranda","Chapman"
"Victor","Carroll"
"Adison","Russell"
"Amy","Campbell"
"Grace","Stevens"
"Sienna","Foster"
"Miranda","Carter"
"Amelia","Cameron"
"Harold","Hunt"
"Byron","Mason"
"Adrian","Murray"
"Luke","Alexander"
"Reid","Scott"
"Melissa","Russell"
"Alexia","Ryan"
"Lily","Sullivan"
"Daisy","Fowler"
"Abraham","Henderson"
"Kimberly","Bailey"
"Stuart","Rogers"
"Abigail","Moore"
"Miller","Kelley"
"Derek","Gray"
"Sienna","Wilson"
"Hailey","Kelly"
"Honey","Brown"
"Jasmine","Cooper"
"Fenton","Alexander"
"Freddie","Russell"
"Roman","Warren"
"Marcus","Wilson"
"Aldus","Cole"
"Roman","Walker"
"Fiona","Sullivan"
"Carl","Dixon"
"Sophia","Casey"
"Sydney","Cole"
"Kate","Warren"
"Heather","Morrison"
"Fiona","Perkins"
"Amelia","Higgins"
"Sophia","Higgins"
"Garry","Davis"
"Sam","Elliott"
"David","Evans"
"Bruce","Reed"
"Martin","Baker"
"Violet","Warren"
"Fiona","Martin"
"Alexander","Gray"
"Jacob","Carroll"
"Henry","Hunt"
"Eddy","Richardson"
"Lucia","Miller"
"Nicole","Clark"
"Sabrina","Murphy"
"Sophia","Murray"
"John","Cole"
"Abigail","Turner"
"Maximilian","Hill"
"Oliver","Brown"
"Alan","Harrison"
"Wilson","Nelson"
"Alberta","Andrews"
"Eddy","Foster"
"George","Carter"
"Tara","Bailey"
