Skills,"As a software developer at our company, I want to integrate IoT sensors into our system So that we can collect real-time data efficiently and securely.","As a software developer at our company, I want to create an AI-powered data analysis tool So that users can efficiently manipulate, clean, and analyze large datasets with natural language inputs.","As a DevOps engineer at our company, I want to migrate our infrastructure from Google Cloud Platform (GCP) to Microsoft Azure So that we can leverage Azure's features and services while ensuring minimal disruption to our operations.","As a software engineer at our cryptocurrency development firm, I want to integrate IoT sensors with our cryptocurrency platform So that we can enhance security and transparency in cryptocurrency transactions using real-world data inputs.","As a UI/UX designer and developer at our software company, I want to create a mobile application with responsive design using React Native So that users can have a seamless and optimized experience across different devices and screen sizes.","As a user of our software, I want the dashboard module to be responsive, So that I can access and interact with it seamlessly on various devices.","As a software company managing IoT infrastructure, I want to improve connectivity and monitoring capabilities for IoT devices, So that we can ensure reliable communication and efficiently manage network operations.","As a software company dedicated to safeguarding user data, I want to enhance the security of our web application, So that we can mitigate potential risks of intrusion and ensure the confidentiality, integrity, and availability of sensitive information.","As a software company reliant on virtualized environments, I want to establish a robust infrastructure for virtualization and disaster recovery planning, So that we can ensure uninterrupted availability of critical systems and applications in the event of unforeseen disruptions.","As a software company aiming to deliver high-performance applications, I want to develop a scalable multi-tier application architecture utilizing SQL databases, So that we can efficiently manage and process large volumes of data while maintaining system reliability and performance.","As a user signing up for the platform, I want the account registration process to be intuitive and seamless, So that I can easily create an account and start using the platform without frustration.","As a software developer working on the new project, I want to have a well-defined PostgreSQL database schema, So that I can efficiently organize and manage the project's data.","As a software engineer responsible for the Django application's security, I want to implement enhanced security measures and integrate Git version control, So that I can ensure the confidentiality, integrity, and availability of sensitive data while collaborating seamlessly with the development team.","As an IT Project Manager overseeing the development of software projects, I want to establish robust quality assurance processes and standardized technical documentation, So that I can ensure the delivery of high-quality software products and streamline project communication and knowledge transfer.","As a mobile app developer tasked with building a cross-platform iOS application, I want to leverage React Native framework to streamline development and ensure seamless user experience across iOS devices, So that I can deliver a high-quality, performant app efficiently.","As a backend developer tasked with building a RESTful API, I want to utilize Flask framework and SQL database to create a scalable and efficient API, So that I can provide seamless data access and manipulation for client applications.","As a software developer at our company, I want to establish secure VPN connectivity for IoT devices, So that we can ensure secure communication between devices and our network infrastructure.","As a data engineer at our software company, I want to develop a real-time ETL (Extract, Transform, Load) pipeline using Apache Spark, So that we can process large volumes of data efficiently and provide timely insights to our stakeholders.","As a UX/UI designer at our software company, I want to iterate on design prototypes using Adobe XD and Sketch, So that we can continuously improve the user experience (UX) of our products through usability testing and feedback.","As a systems administrator at our software company, I want to strengthen our IT infrastructure and establish a comprehensive disaster recovery plan, So that we can ensure the security, reliability, and resilience of our systems and data.","As a data analyst at our software company, I want to leverage SQL for advanced data mining techniques, So that we can extract valuable insights and patterns from our databases to drive informed business decisions.","As a software engineer, I want to set up a continuous integration/continuous deployment (CI/CD) pipeline So that I can automate the deployment process and ensure faster delivery of features to production.","As a data engineer, I want to create a comprehensive data pipeline So that I can efficiently process, warehouse, manipulate, and visualize large datasets for analytical purposes.","As a database administrator, I want to modernize our database infrastructure So that we can improve performance, scalability, and reliability across our systems.","As a software engineer at our company, I want to implement user authentication for our web application So that users can securely log in and access personalized features.","As a developer at our software company, I want to create a cross-platform mobile application for task management So that users can efficiently organize and track their tasks on both Android and iOS devices","As a security engineer at our software company, I want to conduct a comprehensive security assessment and develop an incident response plan So that we can proactively identify and address vulnerabilities in our web application and efficiently respond to security incidents.","As a network security engineer at our software company, I want to implement a secure VoIP communication system with robust network monitoring capabilities So that we can ensure reliable and confidential voice communication while proactively detecting and mitigating network security threats.","As an IoT developer at our software company, I want to develop an IoT solution for sensor integration using the CoAP So that we can efficiently collect and manage data from diverse sensors in a resource-constrained environment.","As a UI/UX designer at our software company, I want to create a responsive web application prototype using user-centric design principles and tools like Sketch So that we can visualize and iterate on the user interface to ensure an optimal user experience across various devices and screen sizes.","As a frontend developer at our software company, I want to develop a responsive dashboard using Vue.js and CSS So that users can easily visualize and interact with data across different devices and screen sizes.","As a software developer at our company, I want to implement a GraphQL API for real-time data retrieval So that our application can efficiently fetch and deliver dynamic data to clients.","As a DevOps engineer at our company, I want to deploy a microservices architecture on cloud platforms So that our application can leverage the scalability, reliability, and cost-effectiveness offered by cloud services.","As a software engineer, I want to implement a real-time monitoring system So that I can optimize scalability and performance of our software product.","As a machine learning engineer, I want to develop an image classification tool So that I can analyze and classify images efficiently using computer vision techniques.","As a data engineer at our software company, I want to optimize our data warehousing process by implementing an Extract, Transform, Load (ETL) pipeline, so that we can efficiently manage and analyze large volumes of data.","As a Quality Assurance engineer at our software company, I want to enhance our test automation framework to include performance testing capabilities using Selenium and pytest, so that we can identify and address performance issues early in the development lifecycle.","As a member of the development team, I want to redesign our system architecture to enhance scalability and optimize performance, ensuring efficient memory management and leveraging performance profiling techniques.","As a member of the development team, I want to establish a streamlined deployment workflow using Git and Kubernetes on our AWS infrastructure, to enhance collaboration and automate deployment processes.","As a system administrator responsible for managing our Active Directory infrastructure, I aim to strengthen security measures and adhere to best practices to safeguard our organization's assets and data.","As a software engineer specializing in blockchain security and embedded systems, I want to integrate sensors securely with blockchain technology using smart contracts, So that we can ensure data integrity and immutability in our IoT applications.","As a Software Architect with expertise in RESTful architecture, integration testing, and software design patterns, I want to refactor our legacy system to adopt a RESTful architecture, So that we can enhance scalability, maintainability, and interoperability of our software.","As a Frontend Developer, I want to ensure cross-browser compatibility and responsive design in our web application, So that users have a consistent and optimal experience across different devices and browsers.","As a Data Scientist, I want to create a robust data preprocessing pipeline, So that I can prepare clean and structured datasets for machine learning tasks involving natural language processing (NLP) and computer vision","As a member of the security operations team, I want to implement an automated malware analysis system So that we can enhance our incident response capabilities","As a mobile app developer at our software company, I want to create a cross-platform mobile application using Flutter So that our app can be seamlessly deployed on iOS devices.","As a user, I want to view real-time analytics of our system's performance and user engagement metrics through an intuitive dashboard. The dashboard should update dynamically as new data is received.","As a data scientist at our software company, I want to implement a machine learning model using scikit-learn, so that our AI-powered recommendation system can provide more accurate and personalized suggestions to our users","As a database engineer in our software company, I want to design and implement a robust data model using SQL and either PostgreSQL or Oracle, so that our application can efficiently store and retrieve large volumes of data, ensuring optimal performance and scalability for our users.","As a project manager in our software company, I want to create a detailed budgeting plan that integrates with our Scrum methodology, so that we can effectively allocate resources and manage costs throughout the development process, while also identifying and mitigating potential risks to ensure project success.","As a software architect in our company, I want to devise a comprehensive system architecture design that aligns with our project requirements and scalability needs, ensuring efficient communication between components and seamless integration of new features, so that our software solution remains flexible, robust, and capable of accommodating future growth and changes.","As a software developer, I want to optimize the database queries in our application using NoSQL technology, so that we can improve the performance and scalability of our system.","As a UX/UI designer, I want to conduct user research to gather insights into user preferences and behaviors, so that I can create more intuitive and user-friendly prototypes using Adobe XD and Sketch that align with our user-centric design approach.","As a backend developer, I want to implement robust security measures in our Flask and Django applications, following industry best practices, so that we can safeguard sensitive user data and protect our systems from potential security threats.","As a cloud engineer, I want to design a scalable and resilient cloud architecture for our application, leveraging Kubernetes and cloud-native development principles, so that we can efficiently manage our infrastructure, deploy updates seamlessly, and ensure high availability and performance through effective DevOps practices.","As a software engineer, I want to integrate sensor data securely onto a blockchain platform, ensuring blockchain security standards, so that we can provide tamper-proof and transparent tracking of sensor data, enhancing data integrity and trustworthiness for our users.","As a software tester, I want to implement comprehensive test suites using JUnit and manual testing techniques, following a test-driven development (TDD) approach, so that we can ensure the reliability and functionality of our codebase across different scenarios and user interactions.","As a web developer, I want to ensure cross-browser compatibility and implement responsive design principles using either Vue.js or React, along with CSS, to create a user-friendly and accessible web application that adapts seamlessly to different devices and screen sizes.","As a DevOps engineer, I want to streamline our software development process by implementing build automation and setting up continuous integration/continuous deployment (CI/CD) pipelines using Docker on AWS, so that we can deliver high-quality software releases faster, with improved efficiency, scalability, and reliability.","As a network security specialist, I want to enhance the security of our wireless networking infrastructure by implementing CoAP-based VPN solutions, ensuring robust encryption and authentication protocols over TCP/IP, so that we can securely transmit sensitive data and protect against potential cyber threats, maintaining the integrity and confidentiality of our network communications.","As a software developer, I want to streamline our build automation process using Azure DevOps, so that I can ensure smooth and efficient continuous integration and deployment of our software.","As a cybersecurity analyst, I want to conduct regular security audits and employ ethical hacking techniques to identify vulnerabilities in our systems, so that I can enhance our incident response capabilities and ensure the integrity of our cryptographic measures.","As a systems engineer, I want to implement robust hardware/software integration protocols, ensuring seamless communication between our embedded systems and application software, to optimize the performance and reliability of our interconnected devices.","As a backend developer, I want to utilize Kotlin to develop RESTful APIs that seamlessly interact with our SQL database, while ensuring version control and collaboration through Git, in order to enhance the scalability, maintainability, and performance of our application.","As a software architect, I want to implement efficient memory management and performance profiling techniques, while incorporating appropriate software design patterns, to develop real-time systems capable of handling high-demand tasks with optimal resource utilization and responsiveness.","As a software architect, I want to establish comprehensive integration testing and system testing protocols, ensuring seamless interoperability among various system components and verifying the overall functionality and reliability of our software solution.","As a cybersecurity specialist, I want to conduct thorough malware analysis as part of our incident response procedures, enabling swift identification, containment, and eradication of malicious software to mitigate potential damage and safeguard our systems and data from security threats.","As a web developer, I want to leverage Angular along with HTML and CSS to streamline the development of interactive and visually engaging user interfaces, so that I can deliver sleek and intuitive web applications that captivate users and enhance their overall browsing experience.","As a data engineer, I want to utilize Spark for efficient data processing, integrate it with our data warehousing infrastructure, and employ data mining techniques to extract valuable insights from large datasets, so that I can optimize our data-driven decision-making processes and drive business growth.","As a database administrator, I want to utilize PostgreSQL for our relational database management system (RDBMS), implement robust ETL processes, and employ data mining techniques to extract valuable insights from our structured data, so that I can ensure efficient data management, optimize query performance, and support informed decision-making across the organization.","As a product manager, I want to ensure that our Android mobile app is visually appealing and functional on all screen sizes, so that our users have a seamless experience regardless of the device they are using.","As a system administrator, I want to implement a disaster recovery plan utilizing Virtualization Hyper-V, so that in the event of a system failure, we can quickly restore critical services and minimize downtime, ensuring business continuity.","As a software developer, I want to containerize our application using Docker and adopt cloud-native development practices, so that we can easily deploy and scale our application in a cloud environment, maximizing flexibility and resource utilization.","As a security analyst, I want to implement an intrusion detection system to monitor network traffic and detect potential security threats, so that we can proactively identify and mitigate security breaches, safeguarding our network infrastructure and sensitive data.","As a data engineer, I want to utilize Spark for efficient data mining processes, so that we can analyze large volumes of data in real-time and uncover valuable insights to drive informed business decisions.","As a data engineer, I want to design and implement a scalable data warehousing solution using big data technologies, so that we can efficiently store and process large volumes of data, enabling advanced analytics and insightful business intelligence for our organization.","As a server administrator, I want to enhance our backup and recovery system while adhering to security best practices, so that in the event of data loss or security breaches, we can swiftly troubleshoot issues and restore services to minimize downtime and safeguard our systems and sensitive information.","As a project manager, I want to incorporate risk management practices into our agile project planning and budgeting process, so that we can identify potential risks early, allocate resources effectively, and adapt our plans dynamically to ensure project success within budget constraints.","As a software developer, I want to refactor the frontend components of our web application from Angular to React, so that we can leverage React's performance and ecosystem for better maintainability and scalability.","As a web developer, I want to enhance the accessibility features of our web application by optimizing the HTML structure, implementing responsive web design principles, and refining CSS styles, so that all users, regardless of their abilities or devices, can have a seamless and inclusive browsing experience.","As a machine learning engineer, I want to benchmark the performance of PyTorch and TensorFlow on our deep learning models, so that we can determine the most suitable framework for our specific project requirements and optimize our development workflow accordingly.","As a project manager, I want to streamline our team's workflow by implementing Kanban boards and Agile methodologies, while ensuring that we allocate sufficient resources for technical documentation, so that we can maintain clear communication, maximize efficiency, and stay within budget constraints throughout the development process.","As a network security specialist, I want to strengthen our organization's VoIP system by implementing CoAP protocols and optimizing TCP/IP configurations, while ensuring strict firewall configurations and adherence to security best practices, so that we can mitigate potential vulnerabilities and maintain a secure and reliable communication infrastructure for our users.","As a network engineer, I want to enhance the security of our IoT devices by implementing CoAP protocols and configuring firewalls to restrict unauthorized access, so that we can ensure the integrity and confidentiality of our network infrastructure, safeguarding against potential cyber threats and vulnerabilities.","As a data scientist, I want to deploy TensorFlow models for AI-powered machine learning tasks, so that we can leverage cutting-edge technology to analyze complex datasets and extract valuable insights, ultimately enhancing decision-making processes and driving innovation within our organization.","As a quality assurance engineer, I want to streamline our testing processes by integrating pytest and JUnit frameworks with Selenium for automated testing, so that we can efficiently identify and address software defects, ensuring the reliability and robustness of our applications before deployment.","As an IoT developer, I want to seamlessly integrate MQTT protocol for efficient communication between sensors and our software platform, ensuring smooth hardware/software integration, so that we can collect real-time data from diverse sensors and devices, enabling insightful analytics and enhancing the functionality of our IoT solutions.","As a system administrator, I want to implement comprehensive security best practices and disaster recovery planning for our VMware virtualized servers, while ensuring efficient server administration and robust backup and recovery mechanisms, so that we can minimize downtime, mitigate risks, and maintain the integrity and availability of our critical infrastructure in the face of potential disasters or security breaches.","As a data scientist, I want to implement a machine learning model using Python libraries, so that I can automate the process of predicting customer churn for our subscription-based software product.","As a data analyst, I want to develop a text preprocessing pipeline using Python, so that I can efficiently clean and tokenize large datasets of customer feedback for sentiment analysis and customer satisfaction insights.","As a business intelligence developer, I want to create a streamlined ETL (Extract, Transform, Load) process integrated with our data warehousing solution, so that I can efficiently extract valuable insights through data mining and present them using interactive data visualizations for informed decision-making by stakeholders.","As a front-end developer, I want to refactor the existing user interface using CSS and responsive web design principles, so that our web application can seamlessly adapt to various screen sizes and devices, ensuring an optimal user experience across all platforms.","As a web developer, I want to enhance the user experience and user interface of our web application by implementing Angular components and ensuring cross-browser compatibility using HTML, React, and UX/UI design principles. This will ensure that our application delivers a consistent and engaging experience across different browsers and devices.","As a front-end developer, I want to build dynamic and interactive user interfaces using Vue.js, ensuring clean and semantic HTML structure for optimal accessibility and maintainability. This will empower our web application to deliver a seamless and engaging experience to users across various devices and browsers.","As a network engineer, I want to establish secure and reliable communication channels for IoT devices by configuring VPN tunnels and firewalls, and implementing protocols like CoAP and MQTT over wireless networks. This will ensure efficient data exchange while maintaining the integrity and confidentiality of the transmitted information.","As a DevOps engineer, I want to automate the build process of our applications on Google Cloud Platform (GCP) using Kubernetes, so that I can streamline deployment workflows, reduce manual errors, and efficiently scale our services as needed.","As a web developer, I want to implement a user interface design with React, HTML, and CSS while adhering to web accessibility standards, so that our website is inclusive and usable by all individuals, regardless of their physical abilities or assistive technologies.","As a QA engineer, I want to integrate Selenium automated testing into our Agile development process, so that I can ensure continuous and efficient testing of our software applications, facilitating rapid feedback and iteration cycles to deliver high-quality products to our customers.","As an IT administrator, I want to implement security best practices for Active Directory, including robust backup and recovery procedures, so that I can effectively troubleshoot issues, mitigate security threats, and ensure the integrity and availability of our organization's directory services.","As a database developer, I want to optimize our company's database queries, so that our software can efficiently retrieve and process data, leading to improved performance and user satisfaction."
AI,0.01,0.86,0.01,0.0,0.0,0.3,0.01,0.04,0.12,0.0,0.32,0.01,0.0,0.12,0.0,0.0,0.07,0.01,0.05,0.02,0.0,0.03,0.02,0.0,0.01,0.02,0.01,0.01,0.0,0.0,0.03,0.0,0.12,0.2,0.86,0.01,0.0,0.26,0.01,0.02,0.0,0.07,0.11,0.22,0.07,0.03,0.19,0.94,0.0,0.01,0.23,0.0,0.0,0.01,0.14,0.09,0.11,0.09,0.02,0.04,0.06,0.01,0.04,0.0,0.21,0.25,0.01,0.0,0.01,0.0,0.01,0.0,0.21,0.03,0.01,0.01,0.05,0.1,0.0,0.07,0.84,0.13,0.01,0.01,0.96,0.01,0.0,0.03,0.2,0.0,0.02,0.0,0.15,0.14,0.09,0.0,0.0,0.0,0.03,0.0
AWS,0.04,0.05,0.0,0.01,0.01,0.22,0.07,0.17,0.12,0.02,0.3,0.0,0.0,0.14,0.0,0.09,0.03,0.04,0.06,0.01,0.01,0.17,0.27,0.15,0.02,0.0,0.06,0.0,0.03,0.11,0.01,0.03,0.27,0.15,0.27,0.04,0.09,0.24,0.97,0.1,0.09,0.17,0.23,0.24,0.1,0.0,0.24,0.01,0.01,0.05,0.07,0.19,0.13,0.04,0.31,0.06,0.29,0.17,0.96,0.15,0.0,0.14,0.19,0.1,0.14,0.19,0.19,0.12,0.15,0.0,0.02,0.15,0.21,0.11,0.14,0.13,0.26,0.21,0.05,0.21,0.28,0.26,0.12,0.13,0.18,0.25,0.11,0.0,0.04,0.04,0.19,0.14,0.24,0.19,0.19,0.0,0.14,0.21,0.11,0.16
Active Directory,0.24,0.15,0.22,0.0,0.12,0.42,0.08,0.13,0.4,0.14,0.31,0.0,0.0,0.23,0.06,0.01,0.01,0.21,0.21,0.37,0.2,0.34,0.23,0.0,0.0,0.0,0.39,0.0,0.0,0.2,0.11,0.15,0.27,0.4,0.2,0.22,0.26,0.42,0.17,1.0,0.02,0.31,0.17,0.09,0.11,0.0,0.33,0.2,0.21,0.37,0.33,0.4,0.19,0.03,0.38,0.02,0.33,0.21,0.22,0.01,0.35,0.3,0.24,0.01,0.29,0.35,0.26,0.15,0.35,0.0,0.01,0.32,0.35,0.16,0.32,0.1,0.37,0.3,0.11,0.32,0.23,0.34,0.0,0.06,0.29,0.36,0.0,0.31,0.24,0.0,0.22,0.18,0.27,0.21,0.12,0.27,0.13,0.34,1.0,0.26
Adobe XD,0.22,0.18,0.04,0.03,0.07,0.46,0.3,0.45,0.39,0.21,0.28,0.02,0.0,0.25,0.01,0.05,0.29,0.04,0.86,0.3,0.1,0.36,0.32,0.04,0.31,0.22,0.38,0.21,0.08,0.1,0.12,0.2,0.31,0.39,0.26,0.25,0.24,0.32,0.26,0.12,0.1,0.18,0.36,0.24,0.11,0.06,0.33,0.21,0.14,0.35,0.27,0.35,0.85,0.02,0.44,0.08,0.32,0.22,0.21,0.25,0.34,0.21,0.22,0.09,0.25,0.34,0.25,0.15,0.03,0.0,0.23,0.23,0.33,0.17,0.01,0.16,0.3,0.3,0.1,0.31,0.02,0.29,0.12,0.2,0.06,0.32,0.19,0.13,0.29,0.01,0.21,0.29,0.29,0.28,0.25,0.21,0.14,0.33,0.13,0.28
Agile Methodologies,0.1,0.09,0.23,0.05,0.01,0.26,0.1,0.06,0.1,0.01,0.3,0.02,0.02,0.06,0.03,0.05,0.09,0.15,0.12,0.09,0.0,0.19,0.07,0.04,0.03,0.09,0.08,0.04,0.14,0.03,0.03,0.06,0.3,0.05,0.06,0.09,0.03,0.13,0.15,0.02,0.01,0.02,0.04,0.06,0.04,0.09,0.22,0.01,0.01,0.01,0.11,0.02,0.04,0.05,0.08,0.03,0.0,0.02,0.0,0.05,0.07,0.07,0.04,0.02,0.08,0.1,0.05,0.02,0.06,0.05,0.03,0.02,0.03,0.02,0.11,0.01,0.16,0.69,0.13,0.04,0.01,0.95,0.09,0.05,0.02,0.07,0.02,0.11,0.02,0.08,0.06,0.02,0.07,0.03,0.13,0.02,0.02,0.92,0.05,0.07
Android Mobile App Development,0.08,0.04,0.02,0.0,0.28,0.35,0.02,0.0,0.25,0.01,0.32,0.02,0.0,0.2,0.0,0.01,0.12,0.01,0.22,0.01,0.0,0.39,0.0,0.0,0.0,0.59,0.0,0.0,0.0,0.0,0.07,0.23,0.07,0.46,0.01,0.01,0.24,0.46,0.27,0.0,0.0,0.08,0.0,0.0,0.0,0.0,0.35,0.02,0.0,0.23,0.27,0.17,0.07,0.0,0.17,0.0,0.33,0.25,0.21,0.0,0.37,0.01,0.11,0.0,0.27,0.23,0.02,0.01,0.0,0.0,0.85,0.0,0.3,0.0,0.01,0.0,0.0,0.32,0.0,0.0,0.23,0.25,0.0,0.0,0.02,0.2,0.0,0.01,0.0,0.0,0.0,0.01,0.0,0.02,0.0,0.23,0.0,0.34,0.0,0.0
Angular,0.09,0.04,0.01,0.01,0.0,0.17,0.17,0.26,0.25,0.0,0.15,0.0,0.0,0.13,0.0,0.0,0.18,0.0,0.12,0.15,0.0,0.31,0.1,0.0,0.2,0.1,0.26,0.11,0.0,0.19,0.0,0.01,0.1,0.23,0.08,0.09,0.11,0.21,0.18,0.01,0.01,0.07,0.2,0.05,0.05,0.0,0.17,0.01,0.0,0.18,0.17,0.0,0.1,0.0,0.19,0.04,0.23,0.0,0.18,0.11,0.28,0.15,0.1,0.0,0.13,0.2,0.15,0.95,0.0,0.0,0.0,0.03,0.15,0.06,0.0,0.05,0.15,0.18,0.52,0.16,0.0,0.19,0.06,0.15,0.01,0.14,0.01,0.03,0.0,0.0,0.1,0.04,0.92,0.0,0.17,0.13,0.01,0.06,0.01,0.0
Azure,0.33,0.3,0.55,0.06,0.21,0.5,0.47,0.31,0.39,0.17,0.48,0.0,0.0,0.31,0.01,0.16,0.43,0.1,0.32,0.2,0.14,0.39,0.41,0.26,0.02,0.04,0.28,0.25,0.12,0.38,0.21,0.26,0.35,0.35,0.44,0.21,0.31,0.44,0.0,0.14,0.2,0.36,0.43,0.36,0.28,0.06,0.4,0.22,0.06,0.36,0.28,0.42,0.36,0.05,0.38,0.15,0.5,0.32,0.0,0.23,0.98,0.33,0.32,0.21,0.33,0.38,0.38,0.28,0.12,0.0,0.25,0.3,0.25,0.28,0.05,0.18,0.39,0.4,0.13,0.43,0.36,0.44,0.31,0.2,0.3,0.43,0.26,0.0,0.09,0.03,0.36,0.34,0.45,0.39,0.36,0.0,0.36,0.38,0.18,0.37
Backup and Recovery,0.37,0.16,0.36,0.18,0.39,0.46,0.03,0.4,0.68,0.38,0.47,0.16,0.12,0.27,0.42,0.18,0.17,0.03,0.32,0.76,0.07,0.01,0.07,0.06,0.3,0.28,0.31,0.06,0.06,0.43,0.32,0.11,0.2,0.36,0.23,0.03,0.13,0.27,0.12,0.06,0.35,0.3,0.41,0.0,0.01,0.45,0.31,0.28,0.33,0.32,0.36,0.32,0.34,0.25,0.44,0.21,0.39,0.4,0.04,0.14,0.07,0.37,0.42,0.38,0.39,0.4,0.11,0.3,0.11,0.14,0.43,0.72,0.38,0.01,0.14,0.01,0.97,0.4,0.32,0.33,0.28,0.33,0.08,0.39,0.25,0.29,0.14,0.93,0.07,0.0,0.04,0.31,0.48,0.44,0.35,0.19,0.32,0.35,0.94,0.06
Big Data Technologies,0.6,0.53,0.01,0.51,0.28,0.46,0.01,0.06,0.24,0.03,0.34,0.04,0.01,0.2,0.0,0.01,0.39,0.8,0.08,0.06,0.01,0.23,0.62,0.01,0.2,0.03,0.06,0.03,0.01,0.08,0.48,0.42,0.3,0.23,0.21,0.24,0.15,0.38,0.36,0.02,0.04,0.25,0.32,0.4,0.0,0.07,0.31,0.16,0.07,0.12,0.38,0.03,0.01,0.03,0.45,0.47,0.29,0.31,0.22,0.1,0.37,0.03,0.05,0.01,0.28,0.27,0.05,0.04,0.91,0.04,0.1,0.1,0.44,0.03,0.91,0.94,0.2,0.38,0.0,0.18,0.22,0.3,0.01,0.02,0.79,0.29,0.01,0.08,0.1,0.07,0.21,0.03,0.39,0.29,0.09,0.14,0.06,0.3,0.01,0.03
Blockchain security,0.01,0.01,0.0,0.65,0.03,0.19,0.0,0.0,0.08,0.0,0.29,0.0,0.0,0.13,0.0,0.0,0.01,0.0,0.1,0.08,0.0,0.06,0.0,0.0,0.0,0.0,0.02,0.0,0.0,0.01,0.03,0.0,0.05,0.16,0.02,0.0,0.02,0.03,0.05,0.0,0.98,0.08,0.06,0.0,0.0,0.0,0.14,0.0,0.0,0.13,0.25,0.0,0.04,0.01,0.08,0.99,0.13,0.04,0.04,0.0,0.08,0.16,0.02,0.0,0.09,0.27,0.03,0.0,0.0,0.0,0.0,0.01,0.14,0.02,0.01,0.0,0.07,0.27,0.0,0.0,0.17,0.2,0.0,0.01,0.03,0.09,0.0,0.03,0.0,0.0,0.01,0.0,0.06,0.01,0.03,0.01,0.0,0.15,0.0,0.0
Budgeting,0.06,0.05,0.0,0.0,0.12,0.24,0.0,0.09,0.0,0.04,0.15,0.0,0.03,0.0,0.14,0.06,0.0,0.06,0.05,0.0,0.04,0.0,0.01,0.0,0.12,0.02,0.01,0.0,0.03,0.08,0.13,0.11,0.07,0.02,0.01,0.02,0.0,0.0,0.0,0.0,0.02,0.22,0.15,0.0,0.0,0.23,0.11,0.08,0.11,0.94,0.1,0.18,0.06,0.06,0.08,0.02,0.09,0.15,0.0,0.01,0.0,0.0,0.0,0.08,0.09,0.07,0.0,0.07,0.08,0.03,0.18,0.0,0.11,0.0,0.07,0.03,0.0,0.54,0.19,0.13,0.08,0.13,0.0,0.0,0.09,0.07,0.01,0.0,0.0,0.0,0.06,0.12,0.18,0.16,0.02,0.0,0.05,0.06,0.0,0.05
Build Automation,0.3,0.26,0.14,0.01,0.06,0.34,0.24,0.23,0.23,0.19,0.32,0.01,0.0,0.29,0.03,0.02,0.36,0.14,0.09,0.09,0.1,0.07,0.17,0.09,0.28,0.36,0.18,0.14,0.03,0.03,0.21,0.09,0.04,0.3,0.15,0.14,0.03,0.08,0.15,0.07,0.13,0.25,0.0,0.0,0.38,0.13,0.28,0.11,0.16,0.23,0.3,0.04,0.15,0.03,0.2,0.25,0.01,0.27,0.94,0.25,0.93,0.06,0.25,0.03,0.24,0.26,0.15,0.14,0.12,0.04,0.07,0.04,0.21,0.02,0.17,0.05,0.16,0.32,0.0,0.17,0.1,0.19,0.28,0.37,0.22,0.26,0.23,0.17,0.57,0.04,0.14,0.01,0.17,0.16,0.35,0.94,0.13,0.02,0.02,0.15
CSS,0.12,0.01,0.1,0.04,0.0,0.25,0.37,0.4,0.43,0.0,0.29,0.0,0.0,0.29,0.0,0.0,0.37,0.08,0.13,0.41,0.0,0.34,0.07,0.0,0.05,0.05,0.37,0.31,0.0,0.17,0.67,0.0,0.14,0.18,0.02,0.14,0.19,0.25,0.22,0.0,0.12,0.12,0.32,0.03,0.11,0.0,0.32,0.0,0.0,0.2,0.28,0.0,0.13,0.02,0.21,0.1,0.3,0.75,0.17,0.31,0.28,0.36,0.29,0.0,0.27,0.28,0.37,0.54,0.05,0.0,0.05,0.06,0.15,0.31,0.04,0.1,0.48,0.34,0.01,0.82,0.0,0.33,0.14,0.36,0.15,0.33,0.02,0.24,0.0,0.0,0.19,0.84,0.02,0.0,0.39,0.16,0.54,0.29,0.0,0.0
Cassandra,0.22,0.29,0.24,0.01,0.4,0.67,0.46,0.4,0.57,0.03,0.53,0.0,0.0,0.3,0.0,0.01,0.49,0.0,0.38,0.38,0.07,0.57,0.43,0.45,0.24,0.07,0.43,0.32,0.0,0.48,0.02,0.06,0.35,0.51,0.38,0.43,0.34,0.62,0.21,0.09,0.07,0.41,0.64,0.32,0.12,0.0,0.29,0.0,0.0,0.51,0.35,0.46,0.41,0.02,0.56,0.04,0.45,0.24,0.11,0.14,0.54,0.31,0.16,0.0,0.39,0.44,0.36,0.11,0.0,0.0,0.58,0.43,0.46,0.31,0.0,0.28,0.48,0.46,0.0,0.62,0.01,0.38,0.13,0.15,0.04,0.4,0.0,0.37,0.01,0.0,0.5,0.51,0.48,0.22,0.23,0.32,0.46,0.4,0.03,0.46
Cloud Architecture,0.35,0.31,0.46,0.0,0.07,0.5,0.14,0.06,0.43,0.01,0.49,0.01,0.0,0.27,0.01,0.01,0.32,0.06,0.28,0.15,0.0,0.17,0.13,0.0,0.07,0.01,0.19,0.01,0.85,0.06,0.34,0.08,0.54,0.47,0.42,0.07,0.29,0.35,0.37,0.0,0.01,0.06,0.1,0.02,0.01,0.02,0.4,0.04,0.01,0.36,0.28,0.04,0.29,0.01,0.91,0.01,0.39,0.4,0.14,0.14,0.11,0.24,0.18,0.01,0.33,0.33,0.19,0.29,0.12,0.01,0.01,0.08,0.59,0.04,0.11,0.06,0.08,0.43,0.01,0.44,0.36,0.4,0.06,0.11,0.3,0.3,0.0,0.14,0.02,0.0,0.08,0.12,0.47,0.33,0.17,0.04,0.27,0.4,0.0,0.01
Cloud Native Application Development,0.07,0.03,0.04,0.01,0.0,0.2,0.03,0.02,0.21,0.0,0.31,0.0,0.0,0.2,0.01,0.0,0.17,0.14,0.04,0.03,0.0,0.24,0.0,0.0,0.0,0.08,0.01,0.0,0.55,0.0,0.0,0.01,0.13,0.35,0.0,0.0,0.16,0.22,0.08,0.0,0.0,0.03,0.0,0.0,0.0,0.02,0.29,0.0,0.0,0.21,0.3,0.01,0.0,0.0,0.77,0.01,0.13,0.0,0.08,0.01,0.17,0.01,0.01,0.0,0.18,0.29,0.01,0.0,0.0,0.0,0.01,0.0,0.94,0.0,0.01,0.0,0.01,0.32,0.0,0.01,0.03,0.19,0.0,0.01,0.0,0.1,0.0,0.02,0.0,0.0,0.0,0.0,0.0,0.01,0.01,0.02,0.0,0.13,0.0,0.0
CoAP,0.57,0.41,0.16,0.5,0.35,0.6,0.58,0.54,0.5,0.38,0.53,0.06,0.01,0.46,0.51,0.36,0.64,0.33,0.31,0.52,0.06,0.25,0.47,0.41,0.59,0.45,0.55,0.52,0.96,0.39,0.33,0.26,0.49,0.53,0.52,0.34,0.35,0.43,0.46,0.39,0.52,0.34,0.57,0.35,0.41,0.51,0.51,0.42,0.3,0.09,0.38,0.43,0.45,0.26,0.51,0.41,0.4,0.33,0.23,0.99,0.15,0.52,0.51,0.45,0.39,0.47,0.49,0.36,0.47,0.06,0.65,0.29,0.5,0.35,0.29,0.42,0.51,0.52,0.42,0.45,0.23,0.21,0.98,0.97,0.52,0.49,0.54,0.45,0.5,0.4,0.48,0.5,0.57,0.46,0.99,0.25,0.41,0.42,0.09,0.57
Computer Vision,0.23,0.02,0.02,0.01,0.24,0.35,0.14,0.22,0.35,0.16,0.29,0.3,0.02,0.27,0.17,0.04,0.38,0.19,0.18,0.23,0.0,0.32,0.11,0.0,0.1,0.09,0.18,0.01,0.01,0.03,0.21,0.11,0.32,0.42,0.9,0.09,0.18,0.33,0.31,0.06,0.02,0.21,0.28,0.83,0.0,0.27,0.31,0.0,0.08,0.35,0.31,0.01,0.12,0.07,0.45,0.18,0.29,0.32,0.23,0.02,0.39,0.01,0.16,0.01,0.26,0.29,0.01,0.25,0.19,0.05,0.14,0.13,0.41,0.0,0.13,0.04,0.22,0.28,0.39,0.17,0.28,0.27,0.01,0.05,0.23,0.3,0.07,0.21,0.0,0.0,0.22,0.15,0.39,0.35,0.2,0.22,0.16,0.27,0.15,0.0
Continuous Integration/Continuous Deployment,0.19,0.0,0.55,0.1,0.0,0.37,0.15,0.04,0.05,0.02,0.06,0.01,0.02,0.31,0.0,0.0,0.07,0.01,0.02,0.12,0.0,0.99,0.0,0.03,0.01,0.0,0.03,0.01,0.17,0.0,0.01,0.0,0.15,0.29,0.04,0.01,0.11,0.07,0.77,0.02,0.04,0.04,0.02,0.0,0.01,0.52,0.31,0.0,0.0,0.07,0.35,0.0,0.01,0.03,0.4,0.06,0.01,0.0,0.99,0.01,0.97,0.01,0.24,0.01,0.18,0.33,0.0,0.01,0.01,0.01,0.01,0.0,0.06,0.0,0.01,0.01,0.01,0.3,0.0,0.01,0.05,0.12,0.01,0.02,0.06,0.06,0.01,0.02,0.0,0.0,0.0,0.0,0.03,0.02,0.02,0.39,0.01,0.05,0.01,0.0
Cross Browser Compatibility,0.05,0.02,0.09,0.0,0.33,0.57,0.1,0.14,0.19,0.01,0.32,0.03,0.01,0.21,0.05,0.17,0.01,0.06,0.23,0.11,0.01,0.23,0.05,0.0,0.03,0.06,0.23,0.01,0.0,0.25,0.49,0.04,0.05,0.27,0.06,0.04,0.11,0.09,0.17,0.01,0.01,0.19,0.99,0.02,0.0,0.42,0.29,0.04,0.01,0.21,0.21,0.0,0.21,0.04,0.12,0.02,0.27,0.97,0.15,0.01,0.27,0.04,0.12,0.09,0.13,0.35,0.02,0.38,0.07,0.02,0.06,0.02,0.24,0.0,0.11,0.02,0.07,0.18,0.38,0.56,0.01,0.19,0.01,0.03,0.1,0.24,0.0,0.08,0.01,0.01,0.17,0.49,0.98,0.65,0.08,0.17,0.35,0.29,0.01,0.0
Cryptocurrency development,0.0,0.01,0.0,1.0,0.0,0.04,0.0,0.0,0.01,0.0,0.24,0.03,0.0,0.01,0.0,0.0,0.0,0.0,0.0,0.0,0.0,0.02,0.02,0.0,0.0,0.0,0.0,0.0,0.0,0.0,0.0,0.0,0.0,0.02,0.0,0.0,0.02,0.15,0.08,0.0,0.01,0.02,0.0,0.0,0.0,0.0,0.05,0.0,0.0,0.01,0.06,0.0,0.0,0.0,0.04,0.07,0.05,0.0,0.01,0.0,0.01,0.01,0.0,0.0,0.05,0.02,0.0,0.0,0.01,0.0,0.0,0.0,0.04,0.0,0.02,0.0,0.01,0.17,0.0,0.0,0.15,0.16,0.0,0.0,0.03,0.02,0.0,0.0,0.0,0.0,0.0,0.0,0.0,0.0,0.0,0.0,0.0,0.01,0.0,0.0
Cryptography,0.0,0.01,0.0,0.1,0.01,0.22,0.0,0.01,0.03,0.0,0.2,0.05,0.0,0.06,0.01,0.0,0.01,0.01,0.05,0.0,0.0,0.01,0.03,0.0,0.02,0.0,0.02,0.0,0.0,0.01,0.01,0.0,0.06,0.18,0.01,0.0,0.06,0.24,0.08,0.0,0.0,0.18,0.1,0.0,0.0,0.09,0.16,0.01,0.0,0.05,0.17,0.0,0.03,0.02,0.12,0.02,0.2,0.11,0.04,0.1,0.1,0.9,0.0,0.0,0.12,0.12,0.0,0.01,0.03,0.0,0.02,0.01,0.16,0.0,0.02,0.0,0.08,0.24,0.01,0.04,0.14,0.27,0.0,0.01,0.08,0.12,0.0,0.02,0.0,0.0,0.04,0.02,0.19,0.14,0.08,0.01,0.0,0.13,0.0,0.0
Data Engineering,0.03,0.11,0.0,0.06,0.0,0.24,0.0,0.03,0.01,0.01,0.21,0.05,0.02,0.01,0.0,0.01,0.0,0.98,0.0,0.0,0.02,0.0,0.97,0.0,0.0,0.0,0.0,0.0,0.01,0.0,0.04,0.21,0.0,0.0,0.0,0.94,0.0,0.02,0.02,0.0,0.0,0.0,0.0,0.01,0.0,0.0,0.22,0.23,0.94,0.04,0.09,0.06,0.0,0.01,0.0,0.16,0.17,0.16,0.0,0.0,0.01,0.0,0.0,0.08,0.0,0.0,0.0,0.0,0.98,0.0,0.0,0.0,0.19,0.0,0.98,0.97,0.0,0.28,0.0,0.0,0.0,0.25,0.0,0.0,0.08,0.0,0.0,0.01,0.3,0.34,0.0,0.0,0.12,0.12,0.0,0.0,0.0,0.0,0.0,0.01
Data Manipulation,0.01,0.38,0.01,0.02,0.0,0.1,0.0,0.01,0.02,0.05,0.06,0.01,0.02,0.07,0.07,0.4,0.01,0.0,0.05,0.01,0.0,0.0,0.27,0.0,0.0,0.0,0.09,0.0,0.05,0.0,0.02,0.01,0.04,0.01,0.02,0.01,0.03,0.05,0.02,0.01,0.0,0.14,0.0,0.0,0.0,0.02,0.03,0.0,0.01,0.04,0.3,0.24,0.0,0.02,0.03,0.02,0.27,0.2,0.02,0.02,0.01,0.04,0.01,0.08,0.26,0.02,0.01,0.02,0.02,0.0,0.0,0.0,0.37,0.02,0.0,0.0,0.02,0.13,0.25,0.01,0.38,0.16,0.01,0.03,0.02,0.17,0.01,0.01,0.0,0.0,0.0,0.0,0.2,0.15,0.03,0.01,0.0,0.23,0.02,0.0
Data Manipulation and Cleaning,0.09,0.91,0.13,0.03,0.01,0.27,0.02,0.02,0.12,0.32,0.24,0.06,0.04,0.11,0.4,0.39,0.02,0.03,0.19,0.01,0.01,0.01,0.3,0.01,0.0,0.12,0.11,0.0,0.3,0.03,0.06,0.01,0.25,0.07,0.02,0.03,0.04,0.15,0.03,0.01,0.01,0.25,0.07,0.46,0.0,0.3,0.16,0.01,0.06,0.09,0.33,0.42,0.07,0.05,0.21,0.05,0.35,0.3,0.05,0.05,0.02,0.13,0.02,0.29,0.33,0.07,0.02,0.2,0.11,0.03,0.01,0.0,0.42,0.02,0.02,0.0,0.07,0.21,0.36,0.06,0.37,0.19,0.01,0.09,0.16,0.19,0.13,0.02,0.01,0.52,0.01,0.0,0.36,0.34,0.15,0.04,0.02,0.3,0.03,0.08
Data Mining,0.24,0.16,0.02,0.06,0.04,0.23,0.01,0.03,0.16,0.12,0.19,0.03,0.06,0.14,0.06,0.01,0.02,0.01,0.07,0.03,0.73,0.04,0.08,0.0,0.0,0.0,0.05,0.0,0.07,0.02,0.12,0.03,0.23,0.13,0.01,0.01,0.03,0.17,0.14,0.01,0.03,0.2,0.12,0.0,0.0,0.2,0.15,0.08,0.02,0.1,0.26,0.01,0.0,0.06,0.29,0.07,0.21,0.23,0.05,0.03,0.17,0.02,0.03,0.0,0.22,0.15,0.01,0.05,0.9,0.91,0.01,0.01,0.32,0.01,0.94,0.0,0.12,0.26,0.14,0.09,0.25,0.21,0.0,0.03,0.33,0.11,0.07,0.05,0.19,0.01,0.74,0.01,0.27,0.18,0.1,0.1,0.02,0.16,0.01,0.0
Data Modeling,0.47,0.36,0.01,0.25,0.0,0.38,0.06,0.37,0.35,0.25,0.2,0.68,0.14,0.26,0.01,0.02,0.16,0.06,0.01,0.2,0.02,0.09,0.25,0.0,0.0,0.01,0.01,0.0,0.13,0.0,0.25,0.2,0.27,0.34,0.01,0.06,0.08,0.29,0.21,0.01,0.02,0.2,0.02,0.11,0.0,0.02,0.3,0.7,0.93,0.04,0.34,0.06,0.0,0.2,0.29,0.34,0.31,0.28,0.1,0.08,0.26,0.01,0.03,0.06,0.33,0.26,0.0,0.01,0.3,0.17,0.01,0.0,0.49,0.0,0.21,0.04,0.2,0.19,0.29,0.06,0.44,0.28,0.0,0.02,0.63,0.17,0.06,0.1,0.87,0.01,0.02,0.0,0.2,0.09,0.24,0.03,0.0,0.24,0.0,0.0
Data Visualization,0.39,0.11,0.09,0.03,0.29,0.54,0.07,0.42,0.41,0.27,0.42,0.03,0.18,0.27,0.34,0.01,0.37,0.01,0.13,0.07,0.0,0.26,0.19,0.0,0.35,0.0,0.11,0.0,0.06,0.0,0.81,0.38,0.47,0.42,0.07,0.0,0.17,0.32,0.39,0.01,0.02,0.32,0.41,0.02,0.0,0.41,0.45,0.01,0.01,0.22,0.4,0.0,0.0,0.18,0.54,0.03,0.39,0.47,0.27,0.17,0.41,0.0,0.04,0.0,0.36,0.35,0.0,0.36,0.01,0.0,0.29,0.02,0.55,0.0,0.0,0.0,0.13,0.34,0.53,0.41,0.32,0.26,0.0,0.02,0.11,0.32,0.14,0.16,0.0,0.0,0.87,0.33,0.51,0.44,0.21,0.38,0.26,0.33,0.0,0.0
Data Warehousing,0.44,0.14,0.11,0.07,0.21,0.4,0.05,0.06,0.04,0.23,0.27,0.03,0.1,0.07,0.23,0.05,0.15,0.08,0.12,0.05,0.01,0.1,0.69,0.0,0.09,0.05,0.15,0.0,0.3,0.24,0.34,0.37,0.29,0.24,0.09,0.94,0.2,0.28,0.13,0.01,0.17,0.28,0.22,0.0,0.0,0.35,0.21,0.01,0.28,0.27,0.3,0.3,0.13,0.16,0.27,0.12,0.25,0.24,0.09,0.13,0.17,0.05,0.11,0.19,0.23,0.19,0.05,0.13,0.96,0.0,0.28,0.11,0.25,0.04,0.05,0.93,0.07,0.28,0.26,0.21,0.25,0.23,0.02,0.03,0.09,0.25,0.03,0.12,0.0,0.0,0.97,0.22,0.28,0.24,0.07,0.23,0.15,0.25,0.02,0.11
DevOps,0.38,0.16,0.99,0.03,0.01,0.23,0.12,0.04,0.15,0.05,0.19,0.18,0.19,0.06,0.0,0.36,0.33,0.24,0.03,0.01,0.0,0.87,0.01,0.0,0.19,0.32,0.01,0.01,0.01,0.0,0.05,0.58,0.99,0.52,0.02,0.03,0.04,0.21,0.84,0.0,0.0,0.06,0.0,0.0,0.0,0.04,0.18,0.0,0.03,0.0,0.2,0.21,0.02,0.04,0.97,0.05,0.01,0.02,0.99,0.0,0.95,0.0,0.17,0.6,0.15,0.13,0.0,0.01,0.01,0.0,0.0,0.0,0.56,0.0,0.02,0.0,0.01,0.19,0.41,0.0,0.01,0.02,0.0,0.01,0.0,0.02,0.0,0.01,0.0,0.0,0.0,0.0,0.01,0.01,0.02,1.0,0.0,0.08,0.0,0.01
Disaster Recovery Planning,0.11,0.06,0.0,0.0,0.14,0.23,0.0,0.05,0.85,0.09,0.13,0.0,0.0,0.02,0.11,0.01,0.01,0.06,0.07,0.94,0.06,0.0,0.01,0.0,0.01,0.11,0.0,0.0,0.11,0.07,0.11,0.09,0.09,0.03,0.03,0.0,0.01,0.01,0.0,0.0,0.02,0.16,0.08,0.0,0.0,0.29,0.06,0.08,0.1,0.01,0.16,0.14,0.06,0.0,0.02,0.04,0.12,0.17,0.0,0.0,0.0,0.0,0.01,0.01,0.17,0.08,0.0,0.06,0.08,0.02,0.12,0.96,0.07,0.0,0.09,0.0,0.23,0.22,0.07,0.07,0.15,0.1,0.0,0.0,0.1,0.01,0.03,0.94,0.0,0.0,0.04,0.02,0.23,0.14,0.01,0.0,0.02,0.08,0.01,0.01
Django,0.11,0.05,0.02,0.01,0.0,0.36,0.18,0.32,0.29,0.0,0.24,0.0,1.0,0.16,0.0,0.0,0.19,0.0,0.02,0.16,0.0,0.36,0.15,0.01,0.3,0.11,0.35,0.06,0.0,0.16,0.0,0.01,0.13,0.24,0.02,0.06,0.04,0.28,0.11,0.0,0.03,0.21,0.07,0.1,0.01,0.0,0.19,0.0,0.0,0.24,0.19,0.11,0.06,0.85,0.24,0.02,0.14,0.0,0.07,0.06,0.26,0.1,0.07,0.0,0.14,0.24,0.07,0.0,0.0,0.0,0.01,0.1,0.19,0.03,0.0,0.05,0.23,0.21,0.0,0.21,0.0,0.2,0.01,0.11,0.01,0.09,0.02,0.04,0.0,0.0,0.09,0.04,0.02,0.0,0.09,0.05,0.0,0.01,0.0,0.11
Docker,0.11,0.07,0.03,0.01,0.0,0.32,0.22,0.02,0.32,0.0,0.29,0.0,0.0,0.14,0.0,0.0,0.25,0.0,0.1,0.21,0.0,0.25,0.16,0.0,0.0,0.01,0.03,0.03,0.01,0.01,0.0,0.0,0.2,0.31,0.18,0.08,0.11,0.26,0.01,0.0,0.04,0.11,0.02,0.13,0.02,0.0,0.23,0.01,0.0,0.18,0.14,0.0,0.1,0.0,0.09,0.02,0.18,0.01,0.98,0.02,0.16,0.11,0.14,0.0,0.18,0.2,0.09,0.0,0.0,0.0,0.01,0.0,0.93,0.05,0.0,0.05,0.21,0.18,0.0,0.07,0.0,0.16,0.0,0.07,0.01,0.13,0.01,0.01,0.0,0.0,0.06,0.01,0.04,0.01,0.13,0.0,0.01,0.07,0.01,0.0
ETL,0.49,0.36,0.21,0.37,0.13,0.5,0.48,0.43,0.34,0.11,0.44,0.06,0.03,0.34,0.11,0.07,0.51,0.97,0.25,0.35,0.0,0.12,0.33,0.29,0.51,0.38,0.42,0.38,0.03,0.31,0.2,0.08,0.22,0.43,0.23,0.94,0.2,0.31,0.21,0.05,0.31,0.16,0.37,0.07,0.25,0.3,0.38,0.01,0.05,0.17,0.29,0.07,0.25,0.13,0.29,0.35,0.18,0.07,0.06,0.39,0.14,0.27,0.44,0.06,0.27,0.32,0.31,0.23,0.2,0.96,0.48,0.26,0.31,0.27,0.24,0.19,0.36,0.34,0.4,0.31,0.06,0.25,0.16,0.39,0.36,0.27,0.21,0.34,0.28,0.09,0.98,0.26,0.39,0.33,0.42,0.05,0.28,0.15,0.03,0.46
Embedded Systems,0.37,0.03,0.0,0.51,0.01,0.28,0.07,0.0,0.01,0.01,0.31,0.28,0.0,0.16,0.0,0.04,0.11,0.06,0.14,0.04,0.02,0.24,0.1,0.0,0.0,0.0,0.0,0.01,0.03,0.0,0.05,0.02,0.04,0.02,0.29,0.01,0.24,0.55,0.27,0.0,0.96,0.3,0.0,0.01,0.16,0.0,0.29,0.02,0.01,0.24,0.31,0.02,0.25,0.02,0.02,0.35,0.37,0.21,0.27,0.01,0.33,0.29,0.94,0.01,0.29,0.21,0.26,0.09,0.28,0.03,0.0,0.12,0.29,0.12,0.25,0.02,0.01,0.41,0.0,0.09,0.31,0.39,0.0,0.13,0.27,0.39,0.02,0.01,0.02,0.0,0.26,0.01,0.23,0.09,0.32,0.08,0.02,0.36,0.03,0.01
Ethical Hacking,0.01,0.02,0.02,0.02,0.01,0.03,0.01,0.02,0.01,0.0,0.04,0.0,0.01,0.02,0.01,0.0,0.04,0.01,0.02,0.01,0.0,0.0,0.01,0.01,0.01,0.02,0.03,0.01,0.0,0.01,0.01,0.01,0.01,0.01,0.03,0.01,0.01,0.02,0.01,0.02,0.0,0.06,0.01,0.0,0.01,0.01,0.03,0.0,0.01,0.01,0.03,0.01,0.03,0.01,0.01,0.01,0.02,0.06,0.0,0.01,0.01,0.96,0.01,0.01,0.02,0.02,0.01,0.02,0.01,0.01,0.01,0.0,0.02,0.01,0.01,0.0,0.02,0.08,0.01,0.05,0.14,0.02,0.02,0.02,0.02,0.03,0.0,0.03,0.01,0.0,0.01,0.01,0.04,0.03,0.02,0.0,0.06,0.01,0.01,0.01
Firewall Configuration,0.16,0.04,0.05,0.0,0.1,0.27,0.01,0.14,0.13,0.02,0.17,0.09,0.02,0.16,0.15,0.01,0.0,0.01,0.19,0.13,0.08,0.03,0.06,0.0,0.0,0.03,0.16,0.0,0.0,0.11,0.1,0.01,0.04,0.16,0.07,0.01,0.06,0.13,0.07,0.01,0.02,0.24,0.15,0.0,0.0,0.05,0.15,0.08,0.01,0.22,0.23,0.0,0.19,0.16,0.02,0.02,0.22,0.21,0.03,0.0,0.09,0.15,0.07,0.07,0.19,0.22,0.01,0.11,0.14,0.0,0.02,0.0,0.16,0.01,0.18,0.0,0.04,0.21,0.1,0.08,0.19,0.21,0.95,0.87,0.17,0.18,0.01,0.1,0.0,0.0,0.06,0.05,0.28,0.2,0.8,0.03,0.03,0.2,0.0,0.0
Flask,0.28,0.12,0.22,0.14,0.0,0.37,0.34,0.36,0.35,0.0,0.29,0.0,0.0,0.2,0.0,0.96,0.38,0.0,0.3,0.26,0.0,0.42,0.19,0.0,0.28,0.26,0.38,0.22,0.02,0.4,0.0,0.02,0.34,0.37,0.08,0.1,0.22,0.3,0.28,0.01,0.09,0.2,0.27,0.18,0.13,0.0,0.28,0.0,0.0,0.31,0.26,0.02,0.32,0.89,0.29,0.17,0.42,0.0,0.26,0.14,0.43,0.26,0.23,0.0,0.24,0.32,0.16,0.0,0.0,0.0,0.55,0.04,0.39,0.07,0.0,0.09,0.25,0.34,0.0,0.32,0.0,0.28,0.08,0.26,0.0,0.28,0.07,0.17,0.16,0.01,0.24,0.15,0.04,0.0,0.25,0.19,0.01,0.26,0.02,0.0
Flutter,0.54,0.36,0.31,0.4,0.0,0.53,0.49,0.55,0.46,0.22,0.46,0.0,0.0,0.29,0.0,0.17,0.51,0.0,0.3,0.41,0.18,0.43,0.35,0.26,0.52,0.37,0.48,0.42,0.31,0.41,0.0,0.02,0.33,0.46,0.36,0.42,0.23,0.42,0.17,0.18,0.35,0.14,0.42,0.36,0.23,0.99,0.44,0.34,0.06,0.49,0.34,0.16,0.4,0.07,0.45,0.33,0.32,0.01,0.19,0.39,0.44,0.35,0.38,0.0,0.31,0.38,0.28,0.01,0.0,0.0,0.52,0.26,0.29,0.21,0.0,0.25,0.43,0.41,0.0,0.42,0.0,0.45,0.36,0.43,0.29,0.06,0.33,0.41,0.29,0.05,0.51,0.25,0.02,0.0,0.46,0.01,0.16,0.31,0.1,0.43
GCP,0.47,0.36,0.7,0.4,0.36,0.55,0.47,0.44,0.35,0.25,0.42,0.0,0.01,0.44,0.42,0.2,0.58,0.33,0.21,0.44,0.23,0.39,0.41,0.31,0.42,0.4,0.4,0.45,0.08,0.3,0.37,0.4,0.21,0.42,0.54,0.41,0.38,0.5,0.0,0.32,0.4,0.32,0.49,0.41,0.42,0.46,0.36,0.36,0.11,0.56,0.43,0.42,0.36,0.11,0.22,0.37,0.41,0.3,0.0,0.45,0.16,0.46,0.49,0.14,0.4,0.38,0.47,0.34,0.38,0.01,0.59,0.28,0.19,0.35,0.19,0.33,0.42,0.52,0.36,0.38,0.09,0.55,0.45,0.38,0.42,0.45,0.38,0.2,0.37,0.31,0.43,0.37,0.45,0.51,0.52,0.99,0.33,0.44,0.24,0.41
Git,0.28,0.16,0.04,0.06,0.04,0.39,0.31,0.23,0.42,0.0,0.37,0.0,0.91,0.2,0.0,0.0,0.36,0.01,0.02,0.29,0.0,0.27,0.18,0.0,0.01,0.1,0.26,0.21,0.03,0.04,0.01,0.01,0.12,0.36,0.21,0.27,0.09,0.28,0.77,0.01,0.07,0.21,0.1,0.17,0.08,0.0,0.3,0.02,0.0,0.21,0.2,0.02,0.21,0.0,0.19,0.08,0.22,0.01,0.01,0.18,0.04,0.2,0.15,0.57,0.24,0.23,0.18,0.0,0.0,0.0,0.22,0.21,0.07,0.19,0.0,0.12,0.32,0.25,0.0,0.23,0.0,0.25,0.07,0.15,0.05,0.08,0.01,0.16,0.01,0.0,0.25,0.09,0.19,0.01,0.22,0.0,0.01,0.01,0.01,0.02
GraphQL,0.21,0.28,0.25,0.08,0.0,0.3,0.32,0.38,0.41,0.0,0.25,0.0,0.01,0.22,0.0,0.0,0.35,0.0,0.17,0.28,0.0,0.44,0.19,0.09,0.31,0.17,0.44,0.07,0.0,0.12,0.0,0.99,0.33,0.29,0.07,0.02,0.25,0.32,0.29,0.01,0.05,0.16,0.29,0.14,0.01,0.0,0.26,0.0,0.0,0.33,0.31,0.0,0.11,0.04,0.46,0.04,0.36,0.0,0.29,0.12,0.43,0.18,0.15,0.01,0.22,0.33,0.08,0.01,0.01,0.0,0.07,0.17,0.39,0.04,0.0,0.17,0.29,0.3,0.02,0.17,0.0,0.27,0.01,0.18,0.01,0.37,0.0,0.25,0.0,0.0,0.03,0.01,0.09,0.01,0.14,0.25,0.0,0.34,0.02,0.11
HTML,0.03,0.01,0.07,0.0,0.0,0.14,0.02,0.34,0.08,0.0,0.14,0.0,0.01,0.12,0.0,0.0,0.01,0.02,0.06,0.04,0.0,0.13,0.01,0.0,0.17,0.02,0.29,0.01,0.02,0.25,0.0,0.0,0.04,0.04,0.0,0.05,0.12,0.09,0.04,0.0,0.0,0.03,0.16,0.03,0.01,0.01,0.14,0.0,0.0,0.1,0.09,0.0,0.08,0.01,0.04,0.01,0.22,0.01,0.07,0.05,0.19,0.03,0.01,0.0,0.07,0.08,0.01,0.38,0.04,0.0,0.03,0.01,0.04,0.01,0.01,0.01,0.11,0.08,0.08,0.51,0.0,0.16,0.01,0.03,0.01,0.23,0.02,0.05,0.0,0.0,0.11,0.0,0.76,0.51,0.13,0.04,0.32,0.15,0.01,0.0
Hadoop,0.05,0.14,0.01,0.0,0.02,0.37,0.21,0.01,0.37,0.0,0.3,0.0,0.0,0.24,0.0,0.0,0.24,0.0,0.14,0.24,0.0,0.37,0.24,0.0,0.0,0.0,0.05,0.04,0.0,0.03,0.04,0.0,0.08,0.37,0.07,0.16,0.18,0.38,0.17,0.01,0.01,0.22,0.13,0.12,0.02,0.0,0.19,0.01,0.0,0.29,0.2,0.01,0.11,0.01,0.3,0.0,0.26,0.13,0.13,0.03,0.36,0.12,0.15,0.0,0.23,0.28,0.11,0.01,0.0,0.0,0.0,0.15,0.22,0.08,0.0,0.25,0.23,0.27,0.0,0.25,0.03,0.25,0.0,0.01,0.01,0.21,0.0,0.08,0.0,0.0,0.19,0.03,0.14,0.07,0.07,0.03,0.03,0.2,0.01,0.01
Hardware/Software Integration,0.29,0.0,0.01,0.33,0.0,0.51,0.04,0.0,0.01,0.0,0.22,0.01,0.0,0.15,0.0,0.0,0.17,0.09,0.04,0.03,0.0,0.01,0.0,0.0,0.0,0.02,0.0,0.09,0.1,0.0,0.01,0.0,0.01,0.06,0.01,0.02,0.13,0.21,0.05,0.0,0.08,0.05,0.0,0.0,0.0,0.01,0.26,0.0,0.0,0.25,0.21,0.0,0.05,0.0,0.0,0.21,0.25,0.01,0.03,0.01,0.07,0.05,0.98,0.0,0.06,0.11,0.02,0.0,0.01,0.0,0.03,0.0,0.02,0.02,0.01,0.0,0.0,0.39,0.0,0.0,0.01,0.32,0.0,0.04,0.01,0.11,0.96,0.04,0.0,0.0,0.01,0.0,0.0,0.01,0.01,0.01,0.0,0.16,0.0,0.0
IT Support,0.0,0.0,0.0,0.0,0.23,0.29,0.0,0.0,0.0,0.0,0.2,0.0,0.0,0.0,0.01,0.01,0.0,0.0,0.08,0.05,0.0,0.0,0.0,0.0,0.02,0.04,0.0,0.0,0.0,0.22,0.2,0.02,0.01,0.0,0.05,0.0,0.0,0.0,0.0,0.0,0.0,0.31,0.0,0.0,0.0,0.04,0.2,0.01,0.02,0.0,0.16,0.0,0.08,0.0,0.01,0.0,0.26,0.27,0.0,0.0,0.0,0.0,0.01,0.01,0.29,0.0,0.0,0.17,0.0,0.0,0.02,0.01,0.0,0.0,0.0,0.0,0.01,0.29,0.0,0.12,0.0,0.07,0.0,0.0,0.0,0.0,0.0,0.06,0.0,0.0,0.0,0.08,0.34,0.27,0.01,0.0,0.06,0.01,0.04,0.0
Incident Response,0.21,0.06,0.01,0.01,0.25,0.32,0.01,0.07,0.33,0.09,0.23,0.04,0.01,0.02,0.26,0.1,0.03,0.08,0.18,0.55,0.03,0.0,0.09,0.05,0.11,0.05,0.97,0.07,0.11,0.26,0.15,0.14,0.17,0.09,0.17,0.04,0.01,0.09,0.01,0.01,0.15,0.22,0.19,0.01,0.97,0.36,0.17,0.04,0.2,0.06,0.21,0.24,0.14,0.09,0.09,0.1,0.19,0.22,0.02,0.04,0.01,0.89,0.08,0.16,0.25,0.18,0.95,0.23,0.09,0.08,0.27,0.23,0.21,0.01,0.07,0.03,0.38,0.25,0.29,0.16,0.25,0.08,0.02,0.06,0.14,0.05,0.13,0.36,0.0,0.0,0.05,0.19,0.37,0.29,0.18,0.06,0.16,0.11,0.03,0.15
Integration Testing and System Testing,0.11,0.0,0.1,0.05,0.0,0.1,0.03,0.01,0.07,0.02,0.05,0.01,0.0,0.23,0.01,0.0,0.07,0.0,0.01,0.19,0.0,0.02,0.0,0.0,0.01,0.0,0.01,0.0,0.04,0.0,0.0,0.0,0.02,0.06,0.02,0.0,0.0,0.09,0.05,0.0,0.01,0.06,0.0,0.0,0.0,0.04,0.24,0.0,0.0,0.14,0.19,0.01,0.0,0.02,0.02,0.09,0.36,0.01,0.02,0.0,0.14,0.02,0.64,0.01,0.09,0.99,0.0,0.0,0.0,0.0,0.0,0.0,0.05,0.0,0.01,0.0,0.03,0.22,0.0,0.0,0.0,0.18,0.0,0.02,0.05,0.3,0.01,0.07,0.0,0.0,0.0,0.0,0.02,0.01,0.02,0.02,0.0,0.24,0.0,0.0
Intrusion Detection,0.35,0.14,0.22,0.31,0.25,0.38,0.13,0.41,0.28,0.17,0.37,0.2,0.22,0.28,0.34,0.08,0.12,0.2,0.23,0.22,0.13,0.19,0.22,0.07,0.01,0.04,0.4,0.31,0.23,0.13,0.24,0.07,0.19,0.3,0.26,0.12,0.02,0.24,0.2,0.07,0.35,0.17,0.22,0.09,0.33,0.31,0.27,0.11,0.23,0.27,0.31,0.04,0.23,0.3,0.18,0.35,0.28,0.24,0.16,0.21,0.22,0.34,0.23,0.04,0.24,0.29,0.53,0.23,0.27,0.19,0.24,0.01,0.35,0.95,0.29,0.1,0.24,0.27,0.31,0.14,0.33,0.28,0.05,0.52,0.3,0.32,0.41,0.22,0.05,0.0,0.2,0.15,0.31,0.26,0.52,0.18,0.13,0.29,0.03,0.11
IoT,0.96,0.19,0.02,0.94,0.01,0.56,0.98,0.0,0.02,0.02,0.48,0.21,0.01,0.14,0.0,0.03,0.99,0.09,0.1,0.04,0.0,0.12,0.29,0.0,0.0,0.0,0.0,0.0,0.98,0.03,0.37,0.1,0.13,0.1,0.3,0.03,0.1,0.32,0.17,0.01,0.97,0.16,0.25,0.08,0.05,0.01,0.4,0.02,0.02,0.03,0.33,0.01,0.08,0.03,0.22,0.83,0.25,0.24,0.14,0.15,0.25,0.17,0.69,0.0,0.24,0.34,0.16,0.08,0.11,0.01,0.01,0.01,0.26,0.18,0.22,0.08,0.03,0.29,0.01,0.2,0.32,0.3,0.0,1.0,0.16,0.24,0.99,0.02,0.0,0.0,0.2,0.06,0.29,0.28,0.99,0.06,0.03,0.25,0.01,0.01
JUnit,0.42,0.16,0.25,0.22,0.0,0.49,0.45,0.41,0.41,0.13,0.37,0.0,0.0,0.31,0.0,0.0,0.5,0.01,0.03,0.37,0.01,0.37,0.21,0.05,0.19,0.13,0.38,0.31,0.07,0.0,0.0,0.0,0.31,0.32,0.15,0.26,0.01,0.31,0.26,0.23,0.28,0.17,0.24,0.14,0.12,0.0,0.28,0.1,0.01,0.35,0.33,0.02,0.2,0.0,0.37,0.31,0.86,0.02,0.21,0.4,0.29,0.36,0.41,0.0,0.28,0.32,0.32,0.0,0.01,0.0,0.48,0.21,0.29,0.22,0.0,0.23,0.4,0.41,0.0,0.3,0.0,0.31,0.19,0.42,0.05,0.71,0.21,0.35,0.0,0.0,0.24,0.06,0.06,0.0,0.44,0.06,0.06,0.0,0.16,0.03
JavaScript,0.17,0.03,0.13,0.07,0.0,0.23,0.11,0.53,0.18,0.0,0.21,0.0,0.0,0.24,0.0,0.0,0.2,0.03,0.06,0.18,0.0,0.44,0.15,0.0,0.36,0.16,0.54,0.14,0.06,0.22,0.01,0.01,0.19,0.27,0.04,0.09,0.21,0.32,0.23,0.16,0.03,0.19,0.3,0.09,0.15,0.0,0.24,0.01,0.0,0.17,0.28,0.0,0.08,0.01,0.24,0.18,0.37,0.01,0.27,0.25,0.42,0.21,0.14,0.0,0.3,0.28,0.17,0.0,0.05,0.0,0.03,0.09,0.25,0.12,0.09,0.1,0.29,0.19,0.06,0.01,0.0,0.35,0.15,0.19,0.14,0.29,0.07,0.24,0.0,0.0,0.16,0.0,0.11,0.0,0.22,0.13,0.01,0.22,0.13,0.0
Kanban,0.46,0.33,0.12,0.33,0.15,0.48,0.44,0.44,0.32,0.0,0.4,0.0,0.0,0.22,0.0,0.0,0.5,0.01,0.16,0.27,0.0,0.18,0.18,0.04,0.22,0.26,0.34,0.33,0.01,0.11,0.09,0.01,0.04,0.38,0.38,0.02,0.07,0.3,0.01,0.01,0.3,0.09,0.46,0.27,0.22,0.0,0.32,0.13,0.0,0.0,0.31,0.0,0.29,0.01,0.09,0.35,0.05,0.04,0.03,0.14,0.02,0.32,0.25,0.0,0.23,0.28,0.28,0.08,0.01,0.0,0.19,0.01,0.1,0.18,0.0,0.13,0.26,0.22,0.0,0.41,0.07,0.93,0.07,0.12,0.24,0.11,0.12,0.04,0.23,0.0,0.13,0.13,0.27,0.02,0.26,0.0,0.19,0.02,0.0,0.22
Kubernetes,0.08,0.07,0.02,0.0,0.01,0.29,0.21,0.01,0.29,0.0,0.27,0.0,0.0,0.18,0.0,0.0,0.22,0.0,0.19,0.12,0.0,0.22,0.12,0.0,0.0,0.0,0.02,0.01,0.0,0.03,0.0,0.0,0.17,0.19,0.11,0.05,0.11,0.34,0.87,0.0,0.02,0.07,0.04,0.05,0.01,0.0,0.23,0.0,0.0,0.21,0.14,0.01,0.17,0.01,0.9,0.01,0.23,0.05,0.0,0.02,0.13,0.12,0.09,0.0,0.2,0.25,0.1,0.01,0.0,0.0,0.01,0.02,0.01,0.04,0.0,0.06,0.15,0.24,0.0,0.2,0.01,0.22,0.0,0.02,0.0,0.13,0.0,0.03,0.0,0.0,0.07,0.01,0.08,0.01,0.07,0.99,0.03,0.04,0.01,0.01
MQTT,0.51,0.5,0.32,0.23,0.35,0.59,0.53,0.61,0.53,0.01,0.48,0.0,0.01,0.41,0.39,0.01,0.01,0.01,0.33,0.52,0.0,0.51,0.38,0.3,0.55,0.32,0.58,0.45,0.0,0.5,0.13,0.0,0.44,0.54,0.53,0.19,0.42,0.54,0.25,0.06,0.24,0.36,0.55,0.37,0.37,0.18,0.41,0.01,0.0,0.52,0.42,0.0,0.38,0.15,0.61,0.06,0.48,0.3,0.35,0.07,0.53,0.46,0.45,0.13,0.41,0.47,0.4,0.33,0.04,0.0,0.58,0.38,0.5,0.33,0.01,0.34,0.45,0.45,0.49,0.51,0.19,0.41,0.05,0.13,0.4,0.52,0.98,0.43,0.27,0.02,0.3,0.43,0.49,0.4,0.98,0.45,0.3,0.53,0.04,0.4
Machine Learning,0.05,0.73,0.01,0.01,0.0,0.17,0.02,0.04,0.12,0.0,0.12,0.01,0.0,0.13,0.0,0.0,0.09,0.03,0.0,0.01,0.0,0.01,0.12,0.0,0.0,0.01,0.01,0.01,0.0,0.0,0.07,0.0,0.01,0.15,0.97,0.02,0.01,0.14,0.03,0.0,0.0,0.03,0.01,0.96,0.02,0.0,0.13,0.96,0.0,0.01,0.2,0.0,0.0,0.01,0.05,0.01,0.09,0.01,0.01,0.0,0.01,0.0,0.01,0.0,0.13,0.17,0.0,0.0,0.05,0.01,0.0,0.0,0.18,0.01,0.06,0.07,0.04,0.05,0.0,0.0,0.98,0.05,0.0,0.0,0.97,0.01,0.01,0.03,0.98,0.0,0.01,0.0,0.02,0.04,0.06,0.0,0.0,0.0,0.01,0.0
Malware Analysis,0.08,0.02,0.0,0.0,0.05,0.31,0.0,0.04,0.1,0.07,0.21,0.1,0.0,0.11,0.05,0.01,0.01,0.14,0.04,0.04,0.0,0.03,0.09,0.0,0.01,0.0,0.09,0.0,0.0,0.0,0.14,0.09,0.13,0.17,0.03,0.06,0.0,0.05,0.1,0.01,0.0,0.1,0.04,0.0,0.92,0.12,0.09,0.02,0.15,0.09,0.18,0.01,0.01,0.04,0.1,0.01,0.13,0.08,0.04,0.01,0.06,0.02,0.01,0.02,0.14,0.1,0.94,0.02,0.1,0.02,0.03,0.0,0.2,0.01,0.07,0.04,0.13,0.16,0.11,0.02,0.28,0.17,0.0,0.03,0.18,0.15,0.01,0.11,0.0,0.0,0.12,0.01,0.12,0.11,0.03,0.05,0.01,0.15,0.01,0.01
Manual Testing,0.0,0.0,0.01,0.0,0.0,0.01,0.0,0.01,0.0,0.01,0.03,0.0,0.01,0.07,0.0,0.01,0.0,0.0,0.03,0.04,0.0,0.0,0.0,0.02,0.02,0.01,0.04,0.02,0.01,0.01,0.0,0.0,0.0,0.0,0.01,0.0,0.0,0.02,0.0,0.02,0.01,0.0,0.02,0.0,0.0,0.02,0.03,0.0,0.01,0.01,0.02,0.0,0.01,0.05,0.0,0.01,0.69,0.02,0.0,0.02,0.0,0.01,0.0,0.0,0.01,0.01,0.01,0.01,0.0,0.02,0.02,0.0,0.0,0.0,0.0,0.0,0.06,0.03,0.01,0.02,0.0,0.02,0.06,0.03,0.0,0.0,0.0,0.01,0.0,0.0,0.0,0.0,0.03,0.04,0.07,0.0,0.01,0.0,0.04,0.02
Matplotlib,0.26,0.09,0.25,0.05,0.01,0.42,0.26,0.38,0.38,0.12,0.33,0.0,0.0,0.27,0.0,0.0,0.34,0.01,0.13,0.27,0.0,0.36,0.28,0.0,0.17,0.06,0.34,0.17,0.01,0.03,0.03,0.01,0.29,0.33,0.1,0.2,0.21,0.36,0.33,0.14,0.12,0.31,0.33,0.17,0.05,0.0,0.26,0.0,0.01,0.27,0.31,0.21,0.25,0.02,0.44,0.2,0.44,0.1,0.28,0.31,0.4,0.21,0.21,0.0,0.31,0.37,0.23,0.07,0.0,0.0,0.24,0.22,0.37,0.1,0.0,0.21,0.34,0.31,0.04,0.38,0.0,0.32,0.09,0.27,0.0,0.28,0.1,0.31,0.11,0.0,0.3,0.21,0.33,0.05,0.28,0.18,0.1,0.29,0.16,0.03
Memory Management and Performance Profiling,0.42,0.08,0.32,0.02,0.0,0.48,0.14,0.35,0.4,0.27,0.36,0.05,0.01,0.28,0.35,0.0,0.22,0.01,0.15,0.18,0.25,0.09,0.11,0.43,0.02,0.12,0.03,0.0,0.05,0.02,0.1,0.0,0.11,0.68,0.0,0.01,0.44,0.99,0.07,0.0,0.13,0.17,0.03,0.0,0.0,0.26,0.43,0.07,0.13,0.12,0.39,0.02,0.23,0.01,0.28,0.21,0.29,0.08,0.04,0.0,0.08,0.01,0.41,0.04,0.99,0.35,0.0,0.14,0.26,0.11,0.22,0.01,0.32,0.0,0.3,0.03,0.06,0.03,0.26,0.02,0.34,0.14,0.01,0.04,0.44,0.2,0.43,0.07,0.0,0.0,0.3,0.0,0.08,0.03,0.07,0.03,0.06,0.39,0.0,0.3
Microsoft SQL Server,0.07,0.16,0.03,0.0,0.02,0.5,0.25,0.29,0.42,0.49,0.25,0.0,0.0,0.28,0.0,0.14,0.2,0.0,0.21,0.39,0.66,0.43,0.4,0.44,0.01,0.0,0.35,0.06,0.0,0.14,0.03,0.0,0.19,0.47,0.05,0.33,0.34,0.5,0.02,0.0,0.02,0.38,0.05,0.23,0.03,0.0,0.32,0.17,0.03,0.31,0.34,0.2,0.16,0.01,0.46,0.0,0.39,0.12,0.12,0.14,0.36,0.25,0.19,0.46,0.38,0.42,0.24,0.01,0.0,0.0,0.0,0.4,0.22,0.22,0.0,0.25,0.38,0.26,0.0,0.19,0.0,0.29,0.0,0.04,0.01,0.37,0.01,0.0,0.01,0.0,0.3,0.04,0.06,0.04,0.19,0.01,0.01,0.39,0.0,0.55
MongoDB,0.12,0.1,0.03,0.0,0.03,0.4,0.24,0.32,0.39,0.0,0.33,0.0,0.0,0.21,0.0,0.0,0.29,0.0,0.14,0.24,0.03,0.35,0.2,0.25,0.03,0.0,0.3,0.01,0.0,0.15,0.0,0.0,0.21,0.35,0.02,0.2,0.23,0.37,0.19,0.01,0.02,0.28,0.15,0.12,0.01,0.0,0.23,0.05,0.0,0.28,0.21,0.33,0.09,0.01,0.37,0.0,0.34,0.08,0.17,0.13,0.33,0.21,0.13,0.0,0.24,0.31,0.14,0.01,0.0,0.0,0.1,0.22,0.27,0.1,0.0,0.17,0.3,0.27,0.0,0.32,0.0,0.23,0.0,0.11,0.02,0.28,0.0,0.12,0.01,0.0,0.2,0.05,0.09,0.0,0.14,0.19,0.02,0.31,0.01,0.27
MySQL,0.04,0.1,0.03,0.0,0.03,0.36,0.14,0.21,0.4,0.09,0.22,0.0,0.0,0.21,0.0,0.01,0.2,0.0,0.15,0.35,0.01,0.38,0.19,0.49,0.0,0.0,0.3,0.02,0.0,0.16,0.0,0.0,0.12,0.42,0.02,0.22,0.27,0.44,0.18,0.0,0.0,0.43,0.02,0.08,0.03,0.0,0.22,0.03,0.0,0.35,0.27,0.01,0.12,0.0,0.32,0.0,0.32,0.03,0.14,0.11,0.34,0.23,0.11,0.01,0.23,0.31,0.18,0.0,0.0,0.0,0.05,0.26,0.28,0.18,0.0,0.02,0.4,0.23,0.0,0.14,0.0,0.25,0.0,0.07,0.01,0.29,0.0,0.23,0.0,0.0,0.11,0.01,0.09,0.01,0.07,0.14,0.0,0.24,0.0,0.52
Natural Language Processing,0.04,0.75,0.01,0.0,0.02,0.23,0.0,0.13,0.27,0.01,0.12,0.02,0.0,0.14,0.01,0.0,0.03,0.0,0.11,0.05,0.0,0.18,0.01,0.0,0.01,0.0,0.06,0.0,0.0,0.0,0.01,0.01,0.21,0.33,0.0,0.01,0.12,0.25,0.18,0.0,0.0,0.23,0.07,0.92,0.0,0.03,0.18,0.0,0.01,0.19,0.26,0.0,0.07,0.01,0.27,0.0,0.22,0.1,0.15,0.01,0.21,0.0,0.02,0.0,0.23,0.24,0.0,0.01,0.0,0.0,0.01,0.06,0.28,0.0,0.0,0.01,0.06,0.17,0.03,0.02,0.06,0.13,0.0,0.01,0.16,0.18,0.0,0.07,0.0,0.0,0.0,0.0,0.18,0.09,0.06,0.1,0.0,0.19,0.0,0.0
Network Monitoring,0.44,0.16,0.17,0.25,0.27,0.48,0.7,0.19,0.3,0.18,0.33,0.18,0.01,0.23,0.32,0.03,0.32,0.06,0.21,0.13,0.12,0.06,0.12,0.0,0.03,0.05,0.25,0.83,0.23,0.3,0.4,0.14,0.24,0.49,0.06,0.04,0.25,0.25,0.2,0.0,0.3,0.39,0.26,0.0,0.0,0.33,0.31,0.04,0.22,0.31,0.35,0.0,0.21,0.15,0.26,0.3,0.37,0.35,0.13,0.02,0.19,0.17,0.26,0.02,0.33,0.29,0.01,0.26,0.2,0.01,0.3,0.03,0.46,0.4,0.26,0.02,0.02,0.31,0.37,0.19,0.28,0.32,0.01,0.31,0.38,0.43,0.24,0.19,0.0,0.0,0.2,0.18,0.37,0.3,0.27,0.18,0.11,0.34,0.0,0.0
Network Security,0.42,0.17,0.01,0.41,0.35,0.5,0.11,0.02,0.12,0.02,0.38,0.17,0.01,0.2,0.3,0.0,0.96,0.19,0.19,0.37,0.1,0.11,0.05,0.0,0.03,0.05,0.11,0.97,0.01,0.27,0.32,0.01,0.21,0.33,0.18,0.01,0.04,0.33,0.21,0.1,0.0,0.31,0.21,0.0,0.35,0.31,0.28,0.26,0.04,0.32,0.42,0.0,0.14,0.05,0.05,0.29,0.31,0.26,0.18,0.99,0.25,0.14,0.1,0.0,0.31,0.32,0.08,0.1,0.14,0.01,0.33,0.01,0.37,0.91,0.21,0.0,0.01,0.34,0.2,0.02,0.31,0.33,0.98,0.92,0.3,0.15,0.0,0.09,0.22,0.0,0.16,0.05,0.31,0.14,0.94,0.08,0.0,0.31,0.01,0.0
NoSQL,0.0,0.07,0.05,0.0,0.0,0.08,0.02,0.06,0.25,0.0,0.11,0.0,0.0,0.15,0.0,0.0,0.06,0.0,0.07,0.18,0.0,0.21,0.06,0.22,0.0,0.01,0.11,0.0,0.0,0.0,0.0,0.0,0.04,0.15,0.0,0.03,0.13,0.31,0.05,0.0,0.0,0.07,0.01,0.04,0.0,0.0,0.05,0.0,0.0,0.23,0.17,0.98,0.02,0.02,0.13,0.0,0.19,0.0,0.05,0.03,0.24,0.08,0.02,0.0,0.09,0.16,0.06,0.0,0.0,0.0,0.0,0.03,0.13,0.04,0.0,0.05,0.12,0.12,0.0,0.01,0.0,0.13,0.0,0.01,0.0,0.16,0.0,0.06,0.0,0.0,0.04,0.0,0.02,0.0,0.06,0.08,0.0,0.15,0.0,0.12
Node.js,0.27,0.11,0.07,0.12,0.0,0.3,0.31,0.39,0.33,0.0,0.23,0.0,0.0,0.24,0.0,0.0,0.35,0.0,0.03,0.23,0.0,0.42,0.26,0.06,0.4,0.18,0.44,0.17,0.06,0.26,0.01,0.08,0.24,0.38,0.1,0.17,0.09,0.36,0.13,0.03,0.11,0.12,0.15,0.21,0.09,0.0,0.31,0.0,0.0,0.19,0.25,0.04,0.09,0.0,0.17,0.05,0.3,0.0,0.2,0.13,0.33,0.19,0.18,0.0,0.26,0.32,0.19,0.0,0.0,0.0,0.06,0.07,0.18,0.17,0.0,0.12,0.32,0.27,0.0,0.18,0.0,0.28,0.03,0.23,0.0,0.16,0.08,0.17,0.0,0.0,0.22,0.07,0.01,0.0,0.25,0.02,0.0,0.05,0.03,0.07
Oracle,0.17,0.18,0.0,0.0,0.16,0.47,0.21,0.31,0.44,0.03,0.3,0.0,0.0,0.24,0.02,0.0,0.27,0.04,0.13,0.4,0.08,0.36,0.26,0.4,0.12,0.05,0.23,0.19,0.01,0.17,0.13,0.03,0.04,0.38,0.13,0.21,0.25,0.38,0.0,0.17,0.03,0.34,0.3,0.14,0.18,0.01,0.21,0.16,0.13,0.38,0.35,0.19,0.1,0.01,0.33,0.03,0.36,0.16,0.02,0.17,0.21,0.16,0.21,0.0,0.25,0.27,0.22,0.12,0.04,0.0,0.31,0.3,0.21,0.15,0.05,0.14,0.29,0.26,0.01,0.25,0.13,0.34,0.22,0.04,0.16,0.27,0.04,0.0,0.19,0.01,0.15,0.18,0.24,0.19,0.11,0.0,0.13,0.25,0.11,0.41
Pandas,0.33,0.09,0.31,0.07,0.34,0.44,0.13,0.44,0.37,0.06,0.33,0.0,0.0,0.19,0.38,0.0,0.3,0.0,0.28,0.3,0.01,0.42,0.26,0.26,0.3,0.24,0.35,0.33,0.07,0.41,0.14,0.02,0.35,0.38,0.22,0.24,0.28,0.41,0.4,0.14,0.18,0.46,0.56,0.16,0.15,0.38,0.31,0.01,0.0,0.39,0.28,0.32,0.3,0.03,0.51,0.18,0.46,0.26,0.3,0.21,0.47,0.24,0.15,0.01,0.28,0.33,0.18,0.36,0.0,0.0,0.41,0.19,0.46,0.18,0.0,0.2,0.37,0.23,0.22,0.43,0.04,0.37,0.26,0.28,0.04,0.41,0.31,0.22,0.11,0.0,0.22,0.42,0.49,0.22,0.28,0.14,0.35,0.35,0.06,0.27
Penetration Testing,0.14,0.05,0.02,0.02,0.02,0.19,0.01,0.06,0.06,0.03,0.12,0.07,0.02,0.09,0.02,0.0,0.01,0.08,0.07,0.01,0.0,0.03,0.04,0.0,0.0,0.0,0.24,0.0,0.02,0.0,0.07,0.02,0.05,0.08,0.07,0.03,0.0,0.03,0.09,0.01,0.01,0.06,0.01,0.0,0.02,0.09,0.13,0.03,0.05,0.16,0.15,0.0,0.02,0.07,0.04,0.02,0.09,0.1,0.03,0.0,0.05,0.41,0.0,0.01,0.14,0.04,0.01,0.02,0.06,0.01,0.01,0.0,0.16,0.01,0.08,0.0,0.04,0.21,0.11,0.01,0.14,0.18,0.0,0.06,0.16,0.11,0.02,0.04,0.0,0.0,0.03,0.0,0.07,0.06,0.04,0.03,0.01,0.17,0.0,0.0
Performance Testing,0.29,0.06,0.08,0.02,0.0,0.25,0.22,0.02,0.16,0.04,0.13,0.01,0.0,0.15,0.24,0.0,0.04,0.0,0.03,0.05,0.01,0.05,0.02,0.08,0.0,0.0,0.01,0.0,0.05,0.0,0.01,0.0,0.04,0.36,0.11,0.0,0.96,0.15,0.1,0.0,0.06,0.04,0.02,0.0,0.0,0.03,0.23,0.03,0.04,0.06,0.18,0.26,0.01,0.01,0.15,0.12,0.26,0.03,0.05,0.01,0.09,0.01,0.2,0.04,0.23,0.08,0.0,0.02,0.07,0.03,0.0,0.0,0.23,0.0,0.08,0.01,0.06,0.19,0.12,0.0,0.92,0.17,0.01,0.04,0.21,0.27,0.1,0.06,0.0,0.0,0.01,0.0,0.03,0.04,0.08,0.01,0.01,0.33,0.01,0.23
PostgreSQL,0.04,0.09,0.07,0.0,0.02,0.34,0.1,0.04,0.37,0.17,0.2,1.0,0.0,0.24,0.0,0.01,0.18,0.0,0.15,0.31,0.04,0.38,0.19,0.4,0.0,0.0,0.08,0.04,0.0,0.04,0.01,0.0,0.11,0.35,0.02,0.19,0.26,0.46,0.17,0.0,0.01,0.36,0.01,0.1,0.01,0.0,0.2,0.01,0.37,0.35,0.26,0.07,0.1,0.0,0.34,0.0,0.38,0.03,0.19,0.06,0.35,0.19,0.1,0.04,0.25,0.31,0.11,0.0,0.0,1.0,0.0,0.23,0.25,0.11,0.0,0.11,0.39,0.28,0.0,0.06,0.0,0.3,0.01,0.04,0.0,0.3,0.0,0.23,0.0,0.0,0.14,0.01,0.03,0.01,0.09,0.06,0.0,0.34,0.0,0.34
Project Planning,0.0,0.05,0.0,0.01,0.02,0.27,0.0,0.04,0.02,0.01,0.23,0.01,0.0,0.0,0.0,0.0,0.0,0.01,0.01,0.01,0.03,0.0,0.0,0.0,0.0,0.14,0.01,0.0,0.0,0.0,0.11,0.04,0.0,0.0,0.04,0.0,0.0,0.0,0.0,0.0,0.0,0.0,0.0,0.0,0.0,0.1,0.12,0.08,0.0,0.21,0.28,0.0,0.01,0.01,0.0,0.0,0.08,0.28,0.0,0.0,0.0,0.0,0.0,0.0,0.13,0.0,0.0,0.07,0.03,0.03,0.0,0.0,0.03,0.0,0.01,0.0,0.0,0.76,0.0,0.01,0.21,0.15,0.0,0.0,0.2,0.0,0.0,0.01,0.0,0.0,0.01,0.0,0.2,0.15,0.0,0.0,0.0,0.0,0.0,0.0
PyTorch,0.45,0.27,0.36,0.38,0.28,0.52,0.5,0.51,0.49,0.24,0.36,0.02,0.0,0.29,0.03,0.01,0.52,0.0,0.24,0.38,0.04,0.42,0.29,0.06,0.35,0.33,0.47,0.28,0.18,0.41,0.04,0.05,0.41,0.45,0.23,0.33,0.02,0.4,0.41,0.11,0.38,0.28,0.52,0.28,0.17,0.0,0.33,0.0,0.11,0.45,0.39,0.35,0.34,0.05,0.57,0.32,0.29,0.1,0.22,0.27,0.46,0.34,0.39,0.02,0.32,0.43,0.26,0.19,0.01,0.0,0.58,0.2,0.44,0.22,0.0,0.23,0.44,0.4,0.06,0.45,0.8,0.4,0.25,0.41,0.08,0.3,0.37,0.38,0.41,0.11,0.38,0.36,0.43,0.06,0.42,0.14,0.34,0.03,0.09,0.31
Quality Assurance,0.17,0.05,0.0,0.01,0.02,0.33,0.02,0.03,0.02,0.01,0.24,0.0,0.0,0.92,0.21,0.01,0.1,0.03,0.01,0.0,0.0,0.0,0.0,0.0,0.01,0.05,0.0,0.0,0.01,0.01,0.12,0.0,0.06,0.01,0.06,0.0,0.99,0.0,0.0,0.0,0.05,0.19,0.4,0.0,0.0,0.1,0.21,0.01,0.03,0.03,0.23,0.0,0.03,0.01,0.03,0.09,0.28,0.23,0.06,0.0,0.01,0.0,0.01,0.04,0.15,0.21,0.0,0.11,0.07,0.04,0.0,0.0,0.25,0.0,0.09,0.0,0.02,0.1,0.15,0.01,0.01,0.09,0.0,0.01,0.16,0.98,0.01,0.02,0.0,0.0,0.03,0.01,0.2,0.28,0.54,0.0,0.05,0.94,0.0,0.0
RDBMS,0.08,0.11,0.17,0.01,0.05,0.52,0.2,0.29,0.39,0.03,0.27,0.05,0.0,0.27,0.0,0.01,0.29,0.0,0.17,0.39,0.0,0.37,0.3,0.5,0.0,0.0,0.28,0.05,0.0,0.01,0.0,0.0,0.2,0.46,0.19,0.29,0.29,0.44,0.22,0.0,0.01,0.46,0.1,0.11,0.09,0.0,0.24,0.05,0.07,0.43,0.31,0.0,0.11,0.01,0.4,0.0,0.33,0.1,0.22,0.33,0.37,0.3,0.31,0.03,0.34,0.36,0.3,0.01,0.0,1.0,0.37,0.33,0.34,0.21,0.0,0.12,0.41,0.37,0.0,0.21,0.01,0.35,0.01,0.22,0.07,0.32,0.0,0.3,0.03,0.0,0.16,0.09,0.06,0.05,0.27,0.27,0.05,0.36,0.0,0.58
REST,0.41,0.18,0.37,0.17,0.01,0.44,0.39,0.53,0.36,0.0,0.49,0.0,0.04,0.25,0.05,0.97,0.01,0.01,0.18,0.29,0.0,0.25,0.18,0.09,0.49,0.19,0.57,0.06,0.03,0.24,0.02,0.0,0.15,0.32,0.12,0.03,0.3,0.28,0.23,0.0,0.09,0.91,0.23,0.13,0.09,0.05,0.41,0.0,0.0,0.25,0.28,0.0,0.19,0.3,0.29,0.09,0.4,0.11,0.23,0.05,0.35,0.23,0.26,0.95,0.27,0.31,0.16,0.1,0.02,0.0,0.11,0.16,0.38,0.16,0.03,0.1,0.42,0.3,0.25,0.31,0.0,0.24,0.01,0.22,0.04,0.43,0.0,0.29,0.0,0.01,0.06,0.02,0.28,0.27,0.15,0.29,0.04,0.32,0.01,0.03
RESTful Architecture,0.21,0.04,0.21,0.05,0.0,0.31,0.28,0.39,0.26,0.0,0.3,0.0,0.01,0.23,0.01,0.92,0.02,0.02,0.17,0.22,0.0,0.16,0.13,0.12,0.26,0.16,0.53,0.04,0.01,0.02,0.01,0.0,0.01,0.17,0.02,0.02,0.24,0.15,0.09,0.0,0.03,0.91,0.1,0.05,0.01,0.01,0.26,0.0,0.0,0.26,0.21,0.0,0.1,0.32,0.03,0.03,0.32,0.02,0.11,0.02,0.28,0.09,0.2,0.86,0.2,0.25,0.02,0.05,0.02,0.01,0.06,0.0,0.24,0.03,0.03,0.07,0.24,0.25,0.14,0.13,0.01,0.12,0.03,0.07,0.02,0.29,0.01,0.13,0.0,0.01,0.05,0.01,0.16,0.05,0.13,0.07,0.01,0.3,0.01,0.05
React,0.45,0.21,0.11,0.18,0.95,0.39,0.53,0.55,0.52,0.0,0.39,0.0,0.0,0.37,0.97,0.0,0.58,0.0,0.13,0.47,0.0,0.47,0.29,0.0,0.4,0.34,0.5,0.5,0.01,0.24,0.0,0.01,0.33,0.43,0.05,0.28,0.32,0.36,0.4,0.03,0.22,0.2,0.45,0.16,0.29,0.0,0.4,0.0,0.0,0.39,0.34,0.0,0.24,0.0,0.52,0.29,0.43,0.56,0.36,0.55,0.52,0.52,0.42,0.0,0.33,0.44,0.48,0.0,0.0,0.0,0.27,0.02,0.37,0.27,0.0,0.23,0.54,0.42,0.96,0.34,0.0,0.39,0.31,0.61,0.01,0.38,0.18,0.18,0.0,0.0,0.38,0.14,0.83,0.0,0.56,0.35,0.84,0.3,0.02,0.0
React Native,0.14,0.04,0.01,0.03,0.97,0.3,0.19,0.26,0.22,0.0,0.25,0.0,0.0,0.2,0.99,0.0,0.24,0.0,0.08,0.16,0.0,0.31,0.19,0.01,0.24,0.23,0.31,0.01,0.0,0.23,0.0,0.01,0.07,0.25,0.01,0.1,0.16,0.22,0.2,0.0,0.01,0.05,0.3,0.11,0.02,0.0,0.24,0.0,0.0,0.2,0.19,0.0,0.1,0.0,0.05,0.01,0.24,0.14,0.14,0.01,0.37,0.07,0.12,0.0,0.2,0.3,0.07,0.0,0.0,0.0,0.15,0.0,0.09,0.02,0.0,0.06,0.17,0.25,0.0,0.2,0.0,0.21,0.01,0.06,0.0,0.19,0.02,0.0,0.0,0.0,0.21,0.02,0.2,0.0,0.12,0.1,0.18,0.18,0.01,0.0
Real-Time Systems,0.63,0.28,0.13,0.05,0.27,0.48,0.33,0.33,0.37,0.14,0.31,0.19,0.0,0.28,0.16,0.12,0.42,0.51,0.22,0.37,0.06,0.28,0.34,0.14,0.37,0.23,0.27,0.28,0.04,0.27,0.28,0.27,0.27,0.78,0.35,0.16,0.21,0.48,0.2,0.21,0.24,0.33,0.46,0.04,0.15,0.21,0.46,0.11,0.29,0.38,0.42,0.45,0.25,0.24,0.41,0.25,0.38,0.26,0.23,0.33,0.33,0.29,0.46,0.32,0.85,0.34,0.36,0.29,0.28,0.03,0.44,0.22,0.36,0.18,0.36,0.27,0.36,0.36,0.36,0.34,0.34,0.35,0.39,0.31,0.44,0.35,0.17,0.32,0.32,0.12,0.28,0.29,0.42,0.4,0.41,0.24,0.24,0.34,0.19,0.38
Responsive Design,0.56,0.12,0.43,0.66,0.98,0.92,0.61,0.35,0.49,0.26,0.69,0.05,0.02,0.45,0.04,0.06,0.53,0.52,0.33,0.48,0.05,0.37,0.25,0.41,0.19,0.42,0.19,0.47,0.07,0.99,0.91,0.1,0.36,0.45,0.35,0.28,0.23,0.49,0.4,0.18,0.15,0.31,0.97,0.06,0.14,0.07,0.65,0.31,0.24,0.19,0.56,0.02,0.39,0.38,0.64,0.39,0.27,0.94,0.12,0.19,0.36,0.1,0.55,0.06,0.49,0.44,0.1,0.46,0.25,0.26,0.62,0.31,0.44,0.05,0.26,0.19,0.41,0.51,0.57,0.93,0.27,0.08,0.33,0.47,0.41,0.39,0.07,0.48,0.02,0.01,0.33,0.96,0.57,0.4,0.62,0.06,0.64,0.39,0.33,0.03
Responsive Web Design,0.02,0.01,0.01,0.0,0.0,0.5,0.01,0.22,0.37,0.02,0.53,0.0,0.01,0.24,0.0,0.0,0.07,0.12,0.31,0.01,0.0,0.35,0.0,0.0,0.1,0.0,0.12,0.0,0.0,0.99,0.93,0.0,0.25,0.4,0.07,0.01,0.24,0.2,0.31,0.0,0.0,0.1,0.98,0.0,0.0,0.0,0.51,0.23,0.0,0.3,0.38,0.0,0.31,0.01,0.21,0.01,0.31,0.95,0.31,0.03,0.41,0.01,0.02,0.0,0.3,0.39,0.01,0.59,0.08,0.01,0.0,0.01,0.41,0.0,0.02,0.0,0.11,0.4,0.55,0.96,0.14,0.3,0.01,0.01,0.19,0.34,0.0,0.09,0.0,0.0,0.03,0.97,0.64,0.49,0.06,0.22,0.78,0.39,0.02,0.0
Risk Management,0.01,0.08,0.0,0.01,0.11,0.34,0.0,0.14,0.06,0.07,0.21,0.0,0.01,0.0,0.03,0.02,0.0,0.07,0.03,0.18,0.01,0.0,0.01,0.0,0.0,0.05,0.09,0.01,0.07,0.08,0.11,0.1,0.12,0.0,0.03,0.0,0.0,0.0,0.0,0.0,0.0,0.2,0.0,0.0,0.0,0.26,0.17,0.01,0.12,0.33,0.27,0.02,0.02,0.14,0.05,0.02,0.17,0.19,0.01,0.0,0.0,0.0,0.01,0.02,0.12,0.04,0.0,0.05,0.08,0.04,0.04,0.02,0.09,0.02,0.06,0.05,0.13,0.94,0.01,0.06,0.17,0.06,0.01,0.03,0.13,0.0,0.01,0.31,0.0,0.0,0.03,0.02,0.3,0.21,0.05,0.0,0.01,0.02,0.02,0.04
Routing and Switching,0.56,0.24,0.55,0.39,0.54,0.59,0.54,0.43,0.39,0.19,0.48,0.3,0.19,0.44,0.69,0.09,0.24,0.02,0.54,0.36,0.37,0.24,0.29,0.07,0.16,0.43,0.39,0.1,0.32,0.51,0.32,0.03,0.39,0.45,0.35,0.01,0.3,0.45,0.36,0.22,0.47,0.27,0.56,0.21,0.05,0.64,0.45,0.34,0.17,0.23,0.43,0.1,0.55,0.38,0.43,0.42,0.51,0.44,0.18,0.27,0.44,0.38,0.51,0.33,0.46,0.43,0.29,0.54,0.39,0.24,0.47,0.2,0.53,0.12,0.48,0.23,0.36,0.43,0.6,0.45,0.36,0.35,0.13,0.39,0.58,0.47,0.52,0.35,0.22,0.05,0.12,0.5,0.56,0.6,0.58,0.31,0.55,0.49,0.17,0.31
SQL,0.04,0.19,0.13,0.0,0.03,0.28,0.06,0.12,0.36,0.95,0.24,0.0,0.06,0.18,0.0,0.66,0.14,0.0,0.1,0.35,0.98,0.32,0.17,0.33,0.0,0.0,0.4,0.01,0.0,0.03,0.0,0.0,0.12,0.27,0.0,0.07,0.13,0.31,0.13,0.0,0.0,0.26,0.06,0.06,0.01,0.0,0.16,0.0,0.9,0.22,0.24,0.0,0.05,0.02,0.25,0.01,0.21,0.02,0.11,0.14,0.27,0.13,0.09,0.92,0.25,0.23,0.13,0.0,0.0,0.02,0.01,0.17,0.25,0.17,0.0,0.08,0.3,0.17,0.0,0.07,0.0,0.23,0.0,0.09,0.01,0.2,0.0,0.18,0.0,0.0,0.06,0.01,0.04,0.02,0.2,0.09,0.0,0.21,0.01,0.6
SVN,0.42,0.34,0.29,0.26,0.02,0.51,0.36,0.46,0.44,0.27,0.39,0.01,0.05,0.38,0.02,0.07,0.57,0.21,0.24,0.42,0.01,0.43,0.34,0.27,0.51,0.26,0.47,0.49,0.07,0.39,0.19,0.14,0.43,0.48,0.46,0.37,0.39,0.45,0.17,0.1,0.32,0.39,0.39,0.33,0.28,0.14,0.39,0.23,0.22,0.5,0.44,0.04,0.31,0.05,0.55,0.35,0.45,0.1,0.22,0.39,0.41,0.32,0.41,0.02,0.38,0.41,0.34,0.29,0.33,0.12,0.5,0.29,0.45,0.35,0.16,0.31,0.44,0.4,0.04,0.42,0.2,0.49,0.35,0.26,0.43,0.46,0.29,0.57,0.46,0.19,0.29,0.36,0.42,0.27,0.42,0.35,0.31,0.43,0.08,0.42
Scalability and Performance Optimization,0.68,0.52,0.76,0.04,0.88,0.79,0.78,0.01,0.36,0.97,0.44,0.77,0.0,0.45,0.98,0.99,0.36,0.91,0.16,0.24,0.01,0.57,0.83,0.95,0.01,0.55,0.01,0.02,0.68,0.04,0.21,0.94,0.91,0.99,0.26,0.94,0.55,0.99,0.67,0.02,0.01,0.7,0.13,0.1,0.06,0.94,0.54,0.08,0.98,0.46,0.69,0.99,0.08,0.0,0.97,0.09,0.33,0.08,0.81,0.0,0.49,0.02,0.95,0.99,0.8,0.48,0.01,0.07,0.91,0.96,0.14,0.1,0.97,0.0,0.83,0.9,0.08,0.29,0.99,0.0,0.69,0.37,0.1,0.01,0.6,0.04,0.52,0.07,0.01,0.19,0.36,0.07,0.05,0.08,0.32,0.94,0.0,0.51,0.01,0.95
Scrum,0.12,0.02,0.01,0.0,0.0,0.4,0.01,0.02,0.32,0.02,0.23,0.0,0.0,0.04,0.0,0.0,0.08,0.01,0.0,0.13,0.0,0.03,0.02,0.0,0.01,0.12,0.01,0.09,0.0,0.0,0.0,0.0,0.02,0.15,0.03,0.01,0.01,0.15,0.03,0.0,0.01,0.02,0.0,0.0,0.0,0.0,0.2,0.02,0.0,0.99,0.06,0.01,0.0,0.0,0.0,0.04,0.0,0.0,0.0,0.11,0.0,0.01,0.02,0.0,0.09,0.13,0.05,0.0,0.01,0.0,0.03,0.06,0.01,0.0,0.0,0.0,0.13,0.24,0.0,0.0,0.0,0.01,0.02,0.01,0.01,0.0,0.0,0.12,0.0,0.0,0.0,0.0,0.0,0.0,0.04,0.0,0.0,0.0,0.01,0.0
Security Auditing,0.35,0.11,0.01,0.37,0.25,0.46,0.01,0.36,0.21,0.14,0.36,0.04,0.11,0.13,0.13,0.02,0.2,0.16,0.13,0.07,0.0,0.03,0.02,0.0,0.23,0.1,0.23,0.06,0.0,0.18,0.3,0.17,0.22,0.32,0.08,0.01,0.0,0.04,0.09,0.08,0.03,0.26,0.14,0.0,0.0,0.31,0.26,0.13,0.16,0.14,0.37,0.01,0.04,0.36,0.09,0.13,0.29,0.3,0.03,0.2,0.01,0.85,0.05,0.01,0.25,0.22,0.0,0.11,0.11,0.01,0.15,0.0,0.32,0.01,0.07,0.01,0.23,0.3,0.25,0.02,0.24,0.26,0.36,0.51,0.2,0.04,0.03,0.12,0.04,0.0,0.03,0.06,0.35,0.2,0.5,0.01,0.0,0.08,0.03,0.0
Security Best Practices,0.67,0.02,0.0,0.6,0.0,0.32,0.02,0.51,0.35,0.01,0.21,0.03,0.56,0.13,0.01,0.01,0.88,0.0,0.01,0.62,0.0,0.0,0.0,0.0,0.79,0.03,0.43,0.51,0.02,0.0,0.01,0.02,0.0,0.04,0.1,0.0,0.0,0.01,0.03,0.93,0.38,0.01,0.0,0.0,0.27,0.13,0.11,0.03,0.01,0.02,0.16,0.0,0.0,0.96,0.0,0.65,0.09,0.01,0.0,0.79,0.0,0.49,0.17,0.01,0.11,0.1,0.64,0.0,0.01,0.0,0.01,0.2,0.01,0.31,0.01,0.0,0.98,0.22,0.0,0.0,0.02,0.08,0.96,0.62,0.05,0.01,0.01,0.95,0.0,0.0,0.0,0.0,0.01,0.01,0.81,0.0,0.0,0.01,0.96,0.0
Selenium,0.26,0.12,0.35,0.09,0.01,0.5,0.41,0.35,0.44,0.05,0.35,0.01,0.0,0.29,0.0,0.0,0.4,0.0,0.25,0.3,0.0,0.35,0.23,0.01,0.17,0.07,0.43,0.12,0.02,0.27,0.0,0.0,0.28,0.41,0.23,0.17,0.83,0.42,0.32,0.01,0.1,0.22,0.23,0.16,0.03,0.0,0.34,0.05,0.01,0.41,0.38,0.01,0.33,0.07,0.43,0.16,0.18,0.05,0.23,0.14,0.34,0.27,0.27,0.0,0.34,0.4,0.21,0.02,0.0,0.0,0.18,0.2,0.38,0.07,0.0,0.1,0.34,0.4,0.01,0.31,0.0,0.42,0.02,0.31,0.03,0.97,0.08,0.29,0.0,0.0,0.23,0.08,0.11,0.05,0.3,0.09,0.09,0.99,0.02,0.02
Sensor Integration,0.9,0.3,0.22,0.95,0.17,0.49,0.33,0.05,0.3,0.25,0.44,0.29,0.1,0.24,0.36,0.16,0.41,0.35,0.29,0.15,0.04,0.22,0.29,0.0,0.02,0.24,0.26,0.02,0.98,0.24,0.45,0.44,0.31,0.41,0.35,0.23,0.24,0.37,0.37,0.0,0.91,0.36,0.12,0.01,0.0,0.43,0.37,0.07,0.3,0.39,0.38,0.09,0.3,0.21,0.43,0.87,0.4,0.4,0.27,0.02,0.37,0.16,0.44,0.26,0.39,0.38,0.02,0.35,0.34,0.1,0.16,0.04,0.48,0.05,0.37,0.09,0.17,0.43,0.45,0.28,0.36,0.38,0.0,0.34,0.43,0.32,0.79,0.17,0.03,0.0,0.04,0.19,0.41,0.42,0.37,0.36,0.21,0.39,0.0,0.01
Server Administration,0.0,0.05,0.0,0.0,0.0,0.23,0.0,0.01,0.13,0.01,0.11,0.0,0.0,0.01,0.0,0.0,0.0,0.0,0.07,0.1,0.0,0.0,0.0,0.0,0.0,0.04,0.01,0.0,0.0,0.02,0.01,0.0,0.0,0.0,0.02,0.0,0.04,0.0,0.0,0.0,0.0,0.4,0.0,0.0,0.0,0.0,0.23,0.0,0.0,0.12,0.34,0.0,0.09,0.0,0.01,0.0,0.23,0.13,0.0,0.0,0.0,0.01,0.01,0.0,0.37,0.05,0.01,0.0,0.0,0.0,0.0,0.35,0.01,0.0,0.03,0.0,0.99,0.29,0.0,0.0,0.01,0.14,0.0,0.0,0.07,0.01,0.0,0.85,0.0,0.0,0.0,0.0,0.05,0.01,0.0,0.0,0.0,0.22,0.0,0.0
Sketch,0.51,0.34,0.33,0.37,0.09,0.52,0.48,0.47,0.43,0.3,0.45,0.03,0.0,0.32,0.06,0.25,0.54,0.29,0.9,0.44,0.15,0.46,0.4,0.13,0.42,0.23,0.43,0.52,0.39,0.96,0.06,0.31,0.34,0.47,0.45,0.37,0.28,0.44,0.34,0.16,0.42,0.28,0.39,0.31,0.28,0.08,0.48,0.38,0.11,0.44,0.42,0.51,0.88,0.08,0.37,0.41,0.44,0.22,0.26,0.39,0.42,0.31,0.45,0.18,0.39,0.42,0.21,0.29,0.07,0.09,0.35,0.12,0.46,0.28,0.01,0.32,0.36,0.48,0.25,0.48,0.1,0.51,0.35,0.42,0.29,0.41,0.55,0.21,0.4,0.01,0.47,0.34,0.46,0.42,0.47,0.17,0.1,0.34,0.13,0.38
Smart contracts,0.03,0.01,0.05,0.04,0.18,0.39,0.01,0.04,0.08,0.0,0.43,0.01,0.0,0.07,0.01,0.0,0.03,0.03,0.2,0.02,0.0,0.14,0.02,0.0,0.01,0.01,0.04,0.0,0.0,0.1,0.05,0.0,0.1,0.28,0.01,0.01,0.14,0.25,0.16,0.0,0.98,0.11,0.29,0.0,0.0,0.06,0.25,0.01,0.0,0.08,0.3,0.0,0.14,0.0,0.15,0.13,0.24,0.25,0.15,0.01,0.28,0.03,0.04,0.0,0.17,0.31,0.0,0.06,0.04,0.0,0.13,0.01,0.29,0.0,0.06,0.01,0.07,0.24,0.08,0.26,0.14,0.13,0.0,0.02,0.05,0.28,0.0,0.02,0.0,0.0,0.04,0.03,0.27,0.14,0.05,0.04,0.0,0.25,0.0,0.0
Software Design Patterns,0.48,0.18,0.01,0.55,0.09,0.54,0.62,0.18,0.27,0.23,0.42,0.19,0.1,0.17,0.12,0.21,0.52,0.42,0.02,0.13,0.0,0.11,0.04,0.04,0.45,0.55,0.04,0.18,0.01,0.05,0.51,0.35,0.06,0.36,0.0,0.48,0.01,0.5,0.12,0.0,0.02,0.31,0.42,0.01,0.08,0.17,0.39,0.06,0.26,0.01,0.28,0.25,0.0,0.18,0.05,0.37,0.07,0.06,0.0,0.0,0.01,0.0,0.18,0.22,0.85,0.12,0.0,0.02,0.04,0.06,0.05,0.02,0.07,0.01,0.02,0.02,0.03,0.11,0.55,0.02,0.0,0.02,0.01,0.01,0.0,0.04,0.04,0.06,0.01,0.07,0.08,0.04,0.01,0.07,0.01,0.01,0.01,0.01,0.01,0.21
Spark,0.37,0.25,0.03,0.11,0.31,0.6,0.47,0.54,0.48,0.0,0.52,0.0,0.0,0.27,0.0,0.0,0.56,0.98,0.24,0.39,0.0,0.47,0.34,0.01,0.52,0.45,0.45,0.43,0.01,0.44,0.01,0.01,0.3,0.44,0.3,0.21,0.15,0.43,0.09,0.26,0.26,0.25,0.53,0.28,0.25,0.0,0.32,0.0,0.0,0.48,0.35,0.03,0.39,0.0,0.5,0.27,0.43,0.08,0.16,0.4,0.45,0.3,0.36,0.0,0.27,0.41,0.26,0.16,0.99,0.0,0.65,0.21,0.49,0.29,0.99,0.22,0.39,0.39,0.0,0.47,0.0,0.45,0.37,0.42,0.0,0.2,0.2,0.35,0.0,0.0,0.28,0.46,0.53,0.01,0.41,0.02,0.41,0.24,0.07,0.08
System Administration,0.0,0.08,0.0,0.0,0.11,0.3,0.0,0.0,0.11,0.05,0.09,0.0,0.0,0.0,0.02,0.0,0.0,0.0,0.04,0.98,0.0,0.0,0.0,0.0,0.0,0.05,0.0,0.0,0.01,0.04,0.14,0.0,0.03,0.0,0.02,0.0,0.01,0.0,0.0,0.87,0.0,0.35,0.0,0.0,0.0,0.0,0.24,0.0,0.0,0.02,0.31,0.0,0.06,0.0,0.01,0.0,0.25,0.28,0.0,0.0,0.0,0.0,0.01,0.0,0.28,0.02,0.0,0.04,0.0,0.0,0.01,0.98,0.01,0.0,0.0,0.0,0.01,0.24,0.01,0.05,0.05,0.11,0.0,0.0,0.07,0.0,0.0,0.97,0.0,0.0,0.0,0.01,0.24,0.18,0.0,0.0,0.01,0.11,0.02,0.0
System Architecture Design,0.15,0.11,0.0,0.01,0.0,0.17,0.05,0.05,0.14,0.19,0.22,0.01,0.01,0.06,0.04,0.0,0.03,0.0,0.07,0.02,0.02,0.0,0.0,0.01,0.01,0.02,0.0,0.0,0.02,0.0,0.15,0.0,0.03,0.01,0.08,0.01,0.03,0.74,0.03,0.0,0.0,0.17,0.01,0.0,0.0,0.01,0.17,0.01,0.01,0.12,0.89,0.01,0.01,0.07,0.03,0.04,0.11,0.17,0.01,0.0,0.03,0.0,0.35,0.01,0.29,0.09,0.0,0.09,0.01,0.0,0.0,0.0,0.11,0.0,0.03,0.0,0.05,0.26,0.03,0.03,0.17,0.2,0.0,0.01,0.22,0.02,0.0,0.02,0.0,0.0,0.0,0.0,0.11,0.12,0.03,0.0,0.0,0.11,0.01,0.0
TCP/IP,0.08,0.02,0.13,0.0,0.0,0.33,0.43,0.08,0.3,0.0,0.29,0.01,0.01,0.21,0.0,0.0,0.0,0.01,0.05,0.4,0.0,0.06,0.04,0.0,0.16,0.0,0.26,0.16,0.0,0.0,0.01,0.0,0.04,0.38,0.02,0.03,0.26,0.45,0.08,0.01,0.01,0.33,0.06,0.01,0.01,0.02,0.35,0.02,0.0,0.22,0.4,0.0,0.03,0.08,0.09,0.01,0.35,0.02,0.07,0.99,0.23,0.28,0.49,0.01,0.4,0.4,0.13,0.02,0.03,0.0,0.0,0.23,0.25,0.38,0.07,0.0,0.4,0.24,0.01,0.05,0.01,0.27,0.97,0.18,0.06,0.31,0.0,0.25,0.0,0.0,0.06,0.0,0.05,0.09,0.23,0.17,0.01,0.3,0.02,0.0
Technical Documentation,0.03,0.03,0.04,0.04,0.0,0.03,0.02,0.03,0.05,0.05,0.06,0.0,0.01,0.83,0.02,0.03,0.03,0.05,0.01,0.03,0.01,0.01,0.01,0.05,0.02,0.01,0.07,0.11,0.05,0.0,0.01,0.01,0.05,0.01,0.07,0.09,0.01,0.02,0.01,0.02,0.05,0.03,0.03,0.01,0.02,0.04,0.06,0.02,0.1,0.04,0.06,0.02,0.01,0.12,0.11,0.08,0.14,0.08,0.04,0.15,0.02,0.03,0.05,0.06,0.09,0.02,0.04,0.07,0.06,0.11,0.0,0.03,0.05,0.03,0.01,0.04,0.14,0.17,0.06,0.06,0.04,0.98,0.14,0.11,0.07,0.1,0.06,0.08,0.03,0.0,0.0,0.01,0.09,0.14,0.15,0.05,0.09,0.06,0.13,0.02
TensorFlow,0.22,0.18,0.06,0.04,0.0,0.37,0.32,0.15,0.38,0.01,0.34,0.0,0.0,0.24,0.0,0.0,0.35,0.0,0.06,0.22,0.0,0.32,0.2,0.0,0.01,0.05,0.22,0.12,0.02,0.02,0.0,0.0,0.22,0.36,0.26,0.14,0.12,0.34,0.14,0.02,0.08,0.14,0.17,0.21,0.1,0.0,0.23,0.0,0.0,0.29,0.23,0.0,0.08,0.0,0.33,0.08,0.32,0.01,0.15,0.13,0.33,0.17,0.18,0.0,0.26,0.32,0.14,0.0,0.0,0.0,0.06,0.14,0.24,0.07,0.0,0.13,0.25,0.25,0.0,0.3,0.7,0.25,0.05,0.22,0.99,0.19,0.04,0.12,0.0,0.0,0.14,0.04,0.14,0.0,0.24,0.0,0.01,0.12,0.03,0.01
Test-Driven Development (TDD),0.18,0.03,0.06,0.23,0.01,0.13,0.24,0.08,0.05,0.03,0.15,0.01,0.01,0.11,0.01,0.02,0.29,0.09,0.24,0.08,0.0,0.0,0.03,0.06,0.23,0.36,0.02,0.08,0.01,0.02,0.07,0.03,0.02,0.1,0.04,0.01,0.05,0.15,0.07,0.02,0.01,0.01,0.06,0.03,0.05,0.11,0.19,0.0,0.05,0.0,0.08,0.05,0.01,0.03,0.01,0.08,0.99,0.01,0.0,0.01,0.0,0.02,0.11,0.0,0.07,0.37,0.01,0.01,0.04,0.01,0.08,0.0,0.01,0.01,0.04,0.03,0.04,0.08,0.03,0.02,0.03,0.01,0.04,0.05,0.11,0.1,0.01,0.03,0.01,0.05,0.0,0.01,0.03,0.01,0.13,0.0,0.01,0.01,0.02,0.1
Troubleshooting,0.16,0.09,0.05,0.04,0.02,0.22,0.18,0.07,0.21,0.04,0.04,0.0,0.02,0.12,0.13,0.01,0.03,0.01,0.11,0.17,0.0,0.0,0.0,0.01,0.02,0.01,0.09,0.06,0.06,0.01,0.07,0.01,0.09,0.11,0.09,0.01,0.12,0.03,0.01,0.01,0.06,0.21,0.04,0.0,0.0,0.1,0.12,0.08,0.02,0.08,0.21,0.0,0.19,0.14,0.11,0.12,0.27,0.14,0.01,0.02,0.0,0.03,0.05,0.11,0.25,0.16,0.0,0.14,0.05,0.05,0.06,0.0,0.12,0.0,0.02,0.01,0.58,0.23,0.04,0.08,0.11,0.24,0.03,0.07,0.26,0.39,0.15,0.18,0.01,0.0,0.01,0.02,0.18,0.21,0.14,0.01,0.17,0.25,0.62,0.0
UI Design,0.0,0.0,0.0,0.0,0.87,0.61,0.0,0.01,0.16,0.0,0.67,0.0,0.0,0.03,0.01,0.0,0.01,0.0,0.85,0.0,0.0,0.0,0.0,0.0,0.01,0.07,0.0,0.0,0.0,0.96,0.36,0.0,0.0,0.0,0.0,0.0,0.0,0.0,0.0,0.0,0.0,0.0,0.13,0.0,0.0,0.0,0.56,0.0,0.0,0.03,0.03,0.0,0.88,0.0,0.0,0.0,0.12,0.32,0.02,0.0,0.0,0.0,0.0,0.0,0.03,0.01,0.0,0.69,0.0,0.0,0.32,0.0,0.02,0.0,0.0,0.0,0.0,0.2,0.01,0.02,0.0,0.12,0.0,0.0,0.0,0.02,0.0,0.0,0.0,0.0,0.0,0.59,0.9,0.56,0.0,0.0,0.94,0.03,0.0,0.0
UX Design,0.0,0.0,0.0,0.0,0.93,0.58,0.0,0.0,0.01,0.0,0.67,0.0,0.0,0.0,0.0,0.0,0.0,0.0,0.91,0.0,0.0,0.0,0.0,0.0,0.0,0.04,0.0,0.0,0.0,0.98,0.03,0.0,0.0,0.0,0.0,0.0,0.0,0.0,0.0,0.0,0.0,0.0,0.06,0.0,0.0,0.0,0.48,0.0,0.0,0.0,0.0,0.0,0.94,0.0,0.0,0.0,0.01,0.08,0.0,0.0,0.0,0.0,0.0,0.0,0.0,0.0,0.0,0.02,0.0,0.0,0.2,0.0,0.0,0.0,0.0,0.0,0.0,0.18,0.0,0.0,0.0,0.01,0.0,0.0,0.0,0.0,0.0,0.0,0.0,0.0,0.0,0.0,0.84,0.09,0.0,0.0,0.36,0.0,0.0,0.0
UX/UI Design and Prototyping,0.0,0.0,0.0,0.01,0.9,0.46,0.0,0.01,0.01,0.0,0.5,0.0,0.0,0.01,0.02,0.0,0.01,0.0,0.99,0.0,0.0,0.0,0.0,0.0,0.21,0.56,0.0,0.0,0.0,1.0,0.7,0.0,0.0,0.0,0.0,0.0,0.0,0.0,0.0,0.0,0.0,0.0,0.16,0.0,0.0,0.15,0.28,0.0,0.0,0.03,0.0,0.0,0.99,0.0,0.0,0.0,0.0,0.16,0.01,0.0,0.0,0.0,0.0,0.0,0.0,0.0,0.0,0.1,0.0,0.0,0.19,0.0,0.0,0.0,0.0,0.0,0.0,0.23,0.01,0.01,0.0,0.15,0.0,0.0,0.0,0.0,0.0,0.0,0.0,0.0,0.0,0.24,0.6,0.34,0.0,0.0,0.38,0.0,0.0,0.0
Usability Testing,0.19,0.06,0.07,0.01,0.02,0.26,0.04,0.01,0.17,0.03,0.59,0.01,0.0,0.16,0.15,0.0,0.04,0.05,0.9,0.05,0.02,0.18,0.02,0.01,0.02,0.04,0.01,0.0,0.04,0.18,0.09,0.01,0.05,0.11,0.18,0.02,0.0,0.04,0.11,0.0,0.03,0.07,0.12,0.01,0.0,0.12,0.29,0.13,0.02,0.2,0.2,0.0,0.34,0.02,0.12,0.1,0.38,0.23,0.11,0.0,0.17,0.01,0.02,0.03,0.22,0.09,0.0,0.17,0.15,0.05,0.21,0.0,0.27,0.0,0.1,0.01,0.04,0.26,0.18,0.14,0.01,0.25,0.0,0.01,0.25,0.2,0.03,0.05,0.0,0.0,0.01,0.03,0.23,0.13,0.12,0.05,0.27,0.3,0.0,0.01
User Centric Design,0.28,0.39,0.05,0.71,0.62,0.98,0.49,0.43,0.21,0.04,0.96,0.02,0.02,0.22,0.57,0.05,0.49,0.16,0.45,0.13,0.01,0.05,0.01,0.13,0.87,0.78,0.02,0.06,0.08,0.99,0.86,0.07,0.03,0.1,0.14,0.06,0.05,0.08,0.1,0.04,0.02,0.06,0.78,0.0,0.02,0.31,0.87,0.28,0.77,0.1,0.16,0.0,0.99,0.18,0.05,0.76,0.25,0.68,0.02,0.02,0.02,0.02,0.08,0.05,0.15,0.08,0.01,0.68,0.05,0.06,0.96,0.04,0.09,0.01,0.02,0.01,0.09,0.24,0.38,0.72,0.27,0.03,0.11,0.16,0.15,0.14,0.08,0.09,0.0,0.0,0.02,0.37,0.86,0.63,0.52,0.0,0.51,0.11,0.07,0.29
User Research,0.05,0.12,0.01,0.02,0.01,0.25,0.01,0.16,0.08,0.06,0.23,0.04,0.05,0.05,0.18,0.14,0.02,0.34,0.27,0.01,0.11,0.01,0.09,0.02,0.07,0.02,0.12,0.01,0.03,0.06,0.08,0.37,0.21,0.01,0.04,0.15,0.02,0.0,0.02,0.01,0.01,0.23,0.02,0.0,0.0,0.33,0.37,0.35,0.29,0.11,0.18,0.13,0.97,0.22,0.18,0.2,0.17,0.3,0.05,0.03,0.1,0.08,0.0,0.25,0.15,0.01,0.01,0.19,0.3,0.14,0.0,0.0,0.37,0.0,0.22,0.13,0.11,0.35,0.45,0.05,0.09,0.21,0.02,0.16,0.23,0.04,0.05,0.08,0.03,0.07,0.14,0.02,0.33,0.32,0.12,0.09,0.08,0.1,0.03,0.15
VPN,0.13,0.14,0.08,0.03,0.19,0.59,0.37,0.2,0.51,0.08,0.51,0.07,0.04,0.26,0.31,0.03,0.99,0.1,0.27,0.38,0.0,0.33,0.19,0.0,0.04,0.04,0.39,0.01,0.05,0.39,0.2,0.09,0.32,0.45,0.14,0.22,0.3,0.44,0.07,0.01,0.06,0.41,0.47,0.18,0.06,0.35,0.39,0.26,0.09,0.52,0.41,0.04,0.28,0.07,0.47,0.04,0.39,0.32,0.14,0.98,0.35,0.26,0.29,0.11,0.36,0.39,0.21,0.2,0.14,0.02,0.34,0.12,0.48,0.06,0.11,0.09,0.4,0.39,0.38,0.33,0.26,0.39,0.01,0.11,0.26,0.42,0.0,0.3,0.44,0.02,0.14,0.3,0.48,0.4,0.94,0.43,0.2,0.41,0.0,0.0
Virtualization Hyper-V,0.13,0.08,0.12,0.0,0.03,0.42,0.12,0.12,0.22,0.01,0.3,0.0,0.0,0.21,0.0,0.01,0.22,0.01,0.22,0.2,0.01,0.21,0.1,0.01,0.09,0.03,0.23,0.04,0.0,0.16,0.14,0.01,0.19,0.38,0.23,0.06,0.19,0.36,0.05,0.01,0.03,0.18,0.26,0.04,0.02,0.0,0.34,0.19,0.0,0.24,0.22,0.01,0.22,0.03,0.17,0.04,0.27,0.13,0.01,0.01,0.21,0.2,0.17,0.02,0.21,0.3,0.16,0.16,0.01,0.0,0.03,0.99,0.17,0.08,0.02,0.08,0.27,0.27,0.01,0.21,0.15,0.23,0.01,0.04,0.05,0.22,0.01,0.0,0.01,0.0,0.12,0.06,0.24,0.16,0.12,0.0,0.12,0.28,0.01,0.02
Virtualization VMware,0.1,0.2,0.0,0.0,0.08,0.48,0.19,0.26,0.34,0.01,0.38,0.0,0.0,0.27,0.0,0.02,0.28,0.02,0.25,0.32,0.09,0.25,0.13,0.0,0.13,0.06,0.26,0.24,0.0,0.18,0.21,0.07,0.16,0.39,0.2,0.16,0.26,0.37,0.0,0.01,0.0,0.21,0.13,0.02,0.09,0.0,0.31,0.22,0.0,0.31,0.27,0.0,0.21,0.01,0.14,0.02,0.33,0.16,0.0,0.05,0.09,0.22,0.14,0.0,0.23,0.34,0.29,0.06,0.02,0.0,0.02,0.0,0.02,0.15,0.05,0.05,0.31,0.27,0.0,0.29,0.04,0.22,0.04,0.02,0.05,0.26,0.0,0.99,0.17,0.0,0.15,0.05,0.16,0.14,0.13,0.0,0.1,0.29,0.03,0.01
VoIP (Voice over Internet Protocol),0.0,0.01,0.01,0.0,0.07,0.27,0.01,0.01,0.1,0.01,0.33,0.1,0.0,0.17,0.0,0.01,0.0,0.01,0.23,0.1,0.0,0.19,0.04,0.0,0.0,0.0,0.02,0.99,0.0,0.0,0.07,0.01,0.14,0.44,0.03,0.01,0.27,0.4,0.02,0.0,0.0,0.21,0.15,0.02,0.0,0.14,0.39,0.15,0.0,0.27,0.34,0.0,0.2,0.05,0.09,0.0,0.38,0.09,0.14,0.03,0.33,0.07,0.1,0.0,0.31,0.32,0.01,0.02,0.04,0.0,0.01,0.05,0.35,0.04,0.13,0.0,0.04,0.26,0.24,0.0,0.2,0.16,0.99,0.0,0.04,0.31,0.0,0.03,0.17,0.0,0.03,0.01,0.23,0.15,0.06,0.19,0.0,0.33,0.0,0.0
Vue.js,0.23,0.07,0.07,0.04,0.0,0.2,0.31,0.31,0.32,0.01,0.16,0.0,0.0,0.22,0.0,0.0,0.32,0.0,0.14,0.23,0.0,0.37,0.13,0.0,0.28,0.14,0.31,0.18,0.02,0.25,0.95,0.01,0.17,0.3,0.1,0.07,0.11,0.28,0.25,0.04,0.06,0.1,0.26,0.08,0.03,0.0,0.2,0.01,0.0,0.17,0.19,0.03,0.13,0.0,0.22,0.04,0.25,0.73,0.23,0.13,0.35,0.16,0.12,0.0,0.21,0.28,0.14,0.0,0.0,0.0,0.08,0.03,0.23,0.08,0.0,0.08,0.25,0.23,0.0,0.22,0.0,0.21,0.05,0.2,0.01,0.17,0.03,0.14,0.0,0.0,0.13,0.09,0.0,0.94,0.19,0.11,0.0,0.14,0.03,0.01
Web Accessibility,0.17,0.07,0.22,0.0,0.07,0.6,0.08,0.07,0.31,0.01,0.55,0.07,0.0,0.27,0.0,0.04,0.19,0.24,0.28,0.12,0.0,0.4,0.02,0.0,0.5,0.0,0.18,0.0,0.01,0.69,0.79,0.2,0.35,0.41,0.2,0.2,0.22,0.28,0.32,0.0,0.01,0.26,0.63,0.01,0.0,0.01,0.43,0.4,0.11,0.36,0.38,0.01,0.36,0.07,0.43,0.03,0.39,0.81,0.29,0.02,0.38,0.01,0.1,0.01,0.3,0.36,0.01,0.43,0.26,0.05,0.0,0.06,0.43,0.0,0.24,0.01,0.18,0.3,0.52,0.87,0.19,0.33,0.0,0.03,0.21,0.36,0.02,0.14,0.19,0.0,0.33,0.57,0.48,0.67,0.26,0.34,0.96,0.4,0.0,0.0
Web Development,0.02,0.01,0.01,0.0,0.0,0.25,0.0,0.82,0.39,0.0,0.27,0.01,0.01,0.14,0.0,0.0,0.12,0.0,0.04,0.0,0.0,0.45,0.0,0.0,0.91,0.0,0.51,0.0,0.0,0.76,0.87,0.04,0.0,0.4,0.0,0.0,0.29,0.58,0.45,0.0,0.0,0.04,0.98,0.0,0.0,0.0,0.33,0.0,0.0,0.29,0.38,0.0,0.0,0.01,0.1,0.0,0.38,0.91,0.25,0.0,0.52,0.0,0.0,0.0,0.26,0.13,0.0,0.96,0.0,0.0,0.0,0.0,0.37,0.0,0.0,0.0,0.0,0.34,0.98,0.96,0.0,0.34,0.0,0.0,0.0,0.06,0.0,0.02,0.0,0.0,0.0,0.91,0.95,0.87,0.0,0.08,0.96,0.24,0.0,0.0
Wireframing and Prototyping,0.08,0.01,0.06,0.07,0.02,0.17,0.06,0.06,0.03,0.02,0.3,0.0,0.01,0.07,0.05,0.02,0.06,0.04,0.43,0.05,0.0,0.0,0.01,0.01,0.05,0.04,0.05,0.15,0.03,0.48,0.07,0.01,0.07,0.01,0.01,0.01,0.01,0.12,0.01,0.01,0.01,0.01,0.02,0.0,0.01,0.16,0.31,0.01,0.01,0.01,0.09,0.0,0.37,0.07,0.08,0.02,0.0,0.02,0.0,0.05,0.0,0.01,0.01,0.01,0.08,0.01,0.0,0.02,0.0,0.01,0.05,0.0,0.01,0.01,0.0,0.01,0.06,0.13,0.16,0.03,0.01,0.05,0.02,0.06,0.02,0.01,0.01,0.04,0.0,0.0,0.01,0.03,0.05,0.09,0.11,0.0,0.02,0.01,0.04,0.0
Wireless Networking,0.11,0.04,0.01,0.0,0.22,0.51,0.51,0.0,0.01,0.0,0.4,0.02,0.0,0.16,0.24,0.0,0.01,0.05,0.21,0.08,0.0,0.21,0.07,0.0,0.0,0.01,0.0,0.01,0.01,0.05,0.35,0.01,0.05,0.3,0.07,0.0,0.25,0.4,0.03,0.0,0.01,0.28,0.14,0.0,0.01,0.41,0.47,0.18,0.0,0.06,0.42,0.0,0.26,0.01,0.0,0.01,0.34,0.24,0.15,1.0,0.2,0.17,0.49,0.0,0.3,0.43,0.06,0.12,0.06,0.0,0.13,0.0,0.35,0.3,0.25,0.0,0.01,0.4,0.01,0.06,0.12,0.25,0.0,0.05,0.03,0.32,0.05,0.02,0.0,0.0,0.16,0.06,0.4,0.38,0.97,0.01,0.03,0.38,0.0,0.0
iOS Mobile App Development,0.04,0.05,0.0,0.0,0.51,0.42,0.01,0.0,0.31,0.01,0.38,0.03,0.0,0.24,0.98,0.01,0.04,0.01,0.24,0.01,0.0,0.44,0.0,0.0,0.0,0.33,0.0,0.0,0.0,0.0,0.12,0.3,0.06,0.49,0.01,0.01,0.28,0.48,0.29,0.0,0.0,0.09,0.0,0.0,0.0,0.91,0.39,0.02,0.0,0.26,0.31,0.23,0.1,0.0,0.14,0.0,0.35,0.04,0.23,0.0,0.39,0.01,0.1,0.0,0.31,0.24,0.03,0.0,0.0,0.0,0.0,0.0,0.33,0.0,0.01,0.0,0.0,0.36,0.0,0.0,0.17,0.28,0.0,0.0,0.01,0.22,0.0,0.01,0.0,0.0,0.0,0.0,0.0,0.01,0.0,0.13,0.0,0.39,0.0,0.0
pytest,0.48,0.31,0.41,0.35,0.18,0.47,0.51,0.51,0.44,0.36,0.38,0.02,0.15,0.36,0.18,0.09,0.57,0.26,0.19,0.41,0.11,0.4,0.33,0.06,0.23,0.24,0.51,0.39,0.28,0.12,0.06,0.24,0.45,0.41,0.32,0.4,0.9,0.41,0.43,0.27,0.43,0.37,0.49,0.29,0.24,0.11,0.41,0.02,0.21,0.35,0.4,0.45,0.37,0.37,0.55,0.41,0.24,0.33,0.38,0.5,0.44,0.42,0.46,0.43,0.4,0.41,0.43,0.36,0.35,0.01,0.42,0.32,0.45,0.3,0.33,0.35,0.47,0.4,0.33,0.47,0.7,0.41,0.33,0.5,0.52,0.81,0.5,0.48,0.46,0.44,0.42,0.37,0.47,0.32,0.52,0.26,0.43,0.04,0.28,0.32
scikit-learn,0.5,0.3,0.27,0.31,0.33,0.44,0.36,0.41,0.35,0.24,0.33,0.08,0.07,0.28,0.38,0.16,0.51,0.18,0.42,0.29,0.01,0.33,0.29,0.2,0.43,0.3,0.42,0.31,0.17,0.12,0.22,0.19,0.36,0.41,0.31,0.26,0.22,0.36,0.38,0.09,0.16,0.34,0.46,0.4,0.09,0.36,0.33,0.99,0.14,0.38,0.35,0.42,0.5,0.31,0.42,0.31,0.42,0.37,0.21,0.17,0.35,0.2,0.31,0.47,0.36,0.36,0.2,0.38,0.52,0.06,0.38,0.15,0.42,0.05,0.33,0.19,0.25,0.25,0.37,0.41,0.49,0.31,0.24,0.26,0.63,0.39,0.42,0.2,0.57,0.12,0.35,0.37,0.41,0.4,0.26,0.27,0.41,0.36,0.22,0.38
