Job Role,Description
Software Developer,"Design and create software applications, develop code, and solve complex problems to meet user needs."
Database Administrator,"Manage and maintain databases, optimize database performance, and ensure data security."
Network Engineer,"Design, configure, and maintain network infrastructure, troubleshoot connectivity issues, and optimize network performance."
Web Developer,"Build and maintain websites and web applications, create user-friendly interfaces, and ensure cross-browser compatibility."
Cybersecurity Analyst,"Protect computer systems and networks from security breaches, monitor for threats, and investigate security incidents."
Systems Administrator,"Manage and maintain IT systems, including servers and hardware, ensure system reliability, and provide technical support."
DevOps Engineer,"Automate and streamline software development and IT operations, implement CI/CD pipelines, and ensure efficient deployments."
Data Analyst,"Analyze data to provide insights, create visualizations, and make data-driven decisions to improve business processes."
Machine Learning Engineer,"Develop machine learning models, train AI algorithms, and apply data science to solve real-world problems."
Cloud Solutions Architect,"Design cloud-based solutions, implement cloud services, and ensure scalability, security, and cost-efficiency."
IT Support Specialist,"Provide technical support, resolve IT issues, and assist end-users with hardware and software problems."
UI/UX Designer,"Create user-friendly interfaces, design wireframes and prototypes, and conduct user research to enhance user experiences."
Quality Assurance Engineer,"Test software applications, identify bugs, and ensure software quality and reliability."
Software Architect,"Define software architecture, design system components, and provide technical guidance to development teams."
Business Intelligence Analyst,"Analyze business data, create dashboards, and generate reports to support informed decision-making."
IT Project Manager,"Plan and oversee IT projects, manage project teams, and ensure projects are delivered on time and within budget."
Data Engineer,"Develop data pipelines, manage data storage, and transform data for analytics and reporting."
Front-end Developer,Create and optimize the user interface of websites and web applications for an enhanced user experience.
Back-end Developer,"Build server-side logic and databases, manage application data, and ensure system functionality."
Network Administrator,"Network Configuration, Troubleshooting, Network Security, Cisco Technologies"
Cloud Engineer,"Cloud Platforms (e.g., AWS, Azure, Google Cloud), Cloud Deployment, Infrastructure as Code (IaC)"
Full Stack Developer,"Both Front-end and Back-end Development, Web Development Frameworks, Database Management"
Data Scientist,"Analyze and interpret complex data, develop predictive models, and derive actionable insights."
Software Tester,"Identify software defects, write test cases, and ensure the quality and reliability of software."
Cybersecurity Engineer,"Implement security measures, detect and mitigate security threats, and secure IT systems."
AI/ML Researcher,"Conduct research on artificial intelligence and machine learning, develop algorithms, and advance AI technologies."
Network Security Engineer,"Firewall Configuration, Intrusion Detection and Prevention, Network Hardening"
Cloud Solutions Engineer,"Cloud Infrastructure Management, DevOps Practices, Automation"
IT Business Analyst,"Requirements Gathering, Process Analysis, Business Process Modeling, Communication Skills"
Blockchain Developer,"Blockchain Platforms (e.g., Ethereum, Hyperledger Fabric), Smart Contracts, Cryptography"
Data Architect,"Data Modeling, Database Design, Data Integration, Data Warehousing"
UI Designer,"User Interface Design, Visual Design, Prototyping, Usability Testing"
System Analyst,"System Analysis, Requirement Gathering, Business Process Modeling, Documentation"
Hardware Engineer,"Computer Hardware, Electronics, Troubleshooting, Circuit Design"
Mobile App Developer,"Create mobile applications for various platforms (iOS, Android), and ensure app functionality and performance."
IT Consultant,Provide expert advice and solutions to businesses on IT-related challenges and opportunities.
Game Developer,"Design and develop video games, create game mechanics, and optimize game performance."
Big Data Analyst,"Analyze and interpret large datasets, extract valuable insights, and make data-driven decisions."
Embedded Systems Engineer,"Design and develop embedded systems, program microcontrollers, and ensure system functionality."
Computer Vision Engineer,"Develop computer vision applications, process and analyze visual data, and advance computer vision technology."
Solutions Architect,"Design and implement complex solutions, provide technical leadership, and ensure solution scalability."
System Administrator,"System Administration, Server Management, Network Configuration, Troubleshooting"
AI Ethics Specialist,"Ensure ethical AI practices, address bias in AI algorithms, and promote responsible AI development."
Health IT Specialist,"Manage healthcare IT systems, ensure compliance with regulations, and safeguard patient data."
Network Security Analyst,"Monitor network security, investigate security incidents, and implement security measures."
IT Trainer,"Training Delivery, IT Curriculum Development, Technical Knowledge, Communication Skills"
IoT Engineer,"Design and develop Internet of Things (IoT) solutions, integrate sensors, and analyze IoT data."
Database Developer,"Develop and optimize database applications, write SQL queries, and ensure database performance."
Cybersecurity Consultant,"Offer cybersecurity consulting services, assess security risks, and develop security strategies."
Artificial Intelligence Engineer,"Design AI solutions, develop machine learning models, and apply AI techniques to solve real-world problems."
Quantum Computing Researcher,"Research and develop quantum computing algorithms, explore quantum hardware, and advance quantum computing technology."
AI Chatbot Developer,"Design and develop AI-powered chatbots, implement natural language processing (NLP), and enhance chatbot interactions."
Robotics Engineer,"Design and build robotic systems, develop control algorithms, and advance robotics technology."
AR/VR Developer,"Create augmented reality (AR) and virtual reality (VR) applications, develop immersive experiences, and optimize performance."
3D Printing Specialist,"Utilize 3D printing technologies, create 3D models, and optimize 3D printing processes."
NOC Technician,"Monitor network operations, troubleshoot network issues, and ensure network reliability."
Bioinformatics Analyst,"Analyze genomic data, perform sequence alignment, and develop bioinformatics solutions."
Cloud Security Engineer,"Secure cloud environments, detect and respond to security threats, and implement cloud security best practices."
Mobile App Security Analyst,"Assess and enhance the security of mobile applications, perform penetration testing, and identify vulnerabilities."
Quantum Computing Software Developer,"Develop software for quantum computing platforms, optimize quantum algorithms, and advance quantum software."
