Job Role,Description,skill
Database Administrator,"Manage and maintain databases, optimize database performance, and ensure data security.","RDBMS, SQL, MySQL, PostgreSQL, Oracle, Microsoft SQL Server, MongoDB, Cassandra, Data Modeling, Data Mining, ETL"
Network Engineer,"Design, configure, and maintain network infrastructure, troubleshoot connectivity issues, and optimize network performance.","TCP/IP, Routing and Switching, Network Security, VPN, Firewall Configuration, Network Monitoring, Wireless Networking, VoIP (Voice over Internet Protocol), IoT, MQTT, CoAP, Security Best Practices"
Web Developer,"Build and maintain websites and web applications, create user-friendly interfaces, and ensure cross-browser compatibility.","HTML, CSS, JavaScript, React, Angular, Vue.js, Responsive Web Design, UX Design, UI Design, Cross Browser Compatibility, Web Accessibility"
Systems Administrator,"Manage and maintain IT systems, including servers and hardware, ensure system reliability, and provide technical support.","IT Support, Troubleshooting, Server Administration, Backup and Recovery, Disaster Recovery Planning, Virtualization VMware, Virtualization Hyper-V, Active Directory, System Administration, Security Best Practices"
DevOps Engineer,"Automate and streamline software development and IT operations, implement CI/CD pipelines, and ensure efficient deployments.","DevOps, Continuous Integration/Continuous Deployment, Docker, Kubernetes, AWS, Azure, GCP, Git, SVN, Build Automation"
Machine Learning Engineer,"Develop machine learning models, train AI algorithms, and apply data science to solve real-world problems.","Machine Learning, AI, Pandas, Matplotlib, TensorFlow, PyTorch, scikit-learn, Data Manipulation and Cleaning, Natural Language Processing, Computer Vision"
UI/UX Designer,"Create user-friendly interfaces, design wireframes and prototypes, and conduct user research to enhance user experiences.","User Research, Wireframing and Prototyping, Sketch, Adobe XD, Usability Testing, UX/UI Design and Prototyping, User Centric Design, Responsive Design"
Software Architect,"Define software architecture, design system components, and provide technical guidance to development teams.","Scalability and Performance Optimization, Memory Management and Performance Profiling, Integration Testing and System Testing, Real-Time Systems, RESTful Architecture, Software Design Patterns, System Architecture Design"
IT Project Manager,"Plan and oversee IT projects, manage project teams, and ensure projects are delivered on time and within budget.","Project Planning, Budgeting, Agile Methodologies, Scrum, Kanban, Technical Documentation, Quality Assurance, Risk Management"
Data Engineer,"Develop data pipelines, manage data storage, and transform data for analytics and reporting.","Data Engineering, Big Data Technologies, Hadoop, Spark, Data Warehousing, Data Manipulation, Data Visualization, Data Mining, ETL"
Front-end Developer,Create and optimize the user interface of websites and web applications for an enhanced user experience.,"HTML, CSS, JavaScript, React, Angular, Vue.js, Responsive Web Design, UX/UI Design and Prototyping"
Back-end Developer,"Build server-side logic and databases, manage application data, and ensure system functionality.","Node.js, Flask, Django, SQL, NoSQL, REST, GraphQL, Security Best Practices"
Cloud Engineer,"Cloud Platforms (e.g., AWS, Azure, Google Cloud), Cloud Deployment, Infrastructure as Code (IaC)","Cloud Architecture, Cloud Native Application Development, AWS, Azure, GCP, Docker, Kubernetes, DevOps"
Full Stack Developer,"Both Front-end and Back-end Development, Web Development Frameworks, Database Management","Web Development, Node.js, Flask, Django, React, Angular, SQL, NoSQL"
Data Scientist,"Analyze and interpret complex data, develop predictive models, and derive actionable insights.","Pandas, Matplotlib, Data Manipulation and Cleaning, Machine Learning, AI, Data Mining, Data Engineering"
Software Tester,"Identify software defects, write test cases, and ensure the quality and reliability of software.","Manual Testing, Selenium, JUnit, pytest, Performance Testing, Test-Driven Development (TDD), Quality Assurance, Agile Methodologies"
Cybersecurity Engineer,"Implement security measures, detect and mitigate security threats, and secure IT systems.","Network Security, Ethical Hacking, Penetration Testing, Security Auditing, Incident Response, Intrusion Detection, Cryptography, Malware Analysis"
Mobile App Developer,"Create mobile applications for various platforms (iOS, Android), and ensure app functionality and performance.","Android Mobile App Development, iOS Mobile App Development, Flutter, React Native, UX Design, UI Design, Responsive Design"
Embedded Systems Engineer,"Design and develop embedded systems, program microcontrollers, and ensure system functionality.","Embedded Systems, IoT, Sensor Integration, MQTT, CoAP, Real-Time Systems, Hardware/Software Integration"
System Administrator,"System Administration, Server Management, Network Configuration, Troubleshooting","IT Support, Troubleshooting, Server Administration, Backup and Recovery, Disaster Recovery Planning, Virtualization VMware, Virtualization Hyper-V, Active Directory, System Administration, Security Best Practices"
IoT Engineer,"Design and develop Internet of Things (IoT) solutions, integrate sensors, and analyze IoT data.","IoT, Embedded Systems, Sensor Integration, MQTT, CoAP, Smart contracts, Cryptocurrency development, Blockchain security"
